{
"meta":{"test_sets":[],"test_metrics":[],"learn_metrics":[{"best_value":"Min","name":"Logloss"}],"launch_mode":"Train","parameters":"","iteration_count":1000,"learn_sets":["learn"],"name":"experiment"},
"iterations":[
{"learn":[0.6664804371],"iteration":0,"passed_time":0.1641399673,"remaining_time":163.9758273},
{"learn":[0.6409676356],"iteration":1,"passed_time":0.169277395,"remaining_time":84.46942013},
{"learn":[0.6182110241],"iteration":2,"passed_time":0.1738065016,"remaining_time":57.76169403},
{"learn":[0.593714907],"iteration":3,"passed_time":0.1767788118,"remaining_time":44.01792414},
{"learn":[0.5745132684],"iteration":4,"passed_time":0.1779052545,"remaining_time":35.40314565},
{"learn":[0.5545179677],"iteration":5,"passed_time":0.18319239,"remaining_time":30.3488726},
{"learn":[0.5382710545],"iteration":6,"passed_time":0.1845683268,"remaining_time":26.1823355},
{"learn":[0.5227806616],"iteration":7,"passed_time":0.1902787225,"remaining_time":23.59456159},
{"learn":[0.5073522067],"iteration":8,"passed_time":0.1948871573,"remaining_time":21.45924144},
{"learn":[0.4916409086],"iteration":9,"passed_time":0.1985099989,"remaining_time":19.65248989},
{"learn":[0.4766687336],"iteration":10,"passed_time":0.2021786547,"remaining_time":18.17769904},
{"learn":[0.4620682436],"iteration":11,"passed_time":0.2048150753,"remaining_time":16.86310787},
{"learn":[0.4513237667],"iteration":12,"passed_time":0.2077336424,"remaining_time":15.77177731},
{"learn":[0.4391258306],"iteration":13,"passed_time":0.2104530925,"remaining_time":14.82191065},
{"learn":[0.4284848665],"iteration":14,"passed_time":0.2130075542,"remaining_time":13.98749606},
{"learn":[0.4199665158],"iteration":15,"passed_time":0.2139974383,"remaining_time":13.16084245},
{"learn":[0.4111189573],"iteration":16,"passed_time":0.2166075954,"remaining_time":12.52501566},
{"learn":[0.4027325343],"iteration":17,"passed_time":0.2193996644,"remaining_time":11.96947058},
{"learn":[0.3963433443],"iteration":18,"passed_time":0.2217037273,"remaining_time":11.4469135},
{"learn":[0.3891059214],"iteration":19,"passed_time":0.2246588231,"remaining_time":11.00828233},
{"learn":[0.3826234838],"iteration":20,"passed_time":0.2273442219,"remaining_time":10.59857111},
{"learn":[0.37501322],"iteration":21,"passed_time":0.2307609707,"remaining_time":10.25837406},
{"learn":[0.3686246265],"iteration":22,"passed_time":0.2332222218,"remaining_time":9.906874376},
{"learn":[0.3600087859],"iteration":23,"passed_time":0.2359358796,"remaining_time":9.594725772},
{"learn":[0.3539325242],"iteration":24,"passed_time":0.239102539,"remaining_time":9.32499902},
{"learn":[0.347899748],"iteration":25,"passed_time":0.2417941925,"remaining_time":9.057982441},
{"learn":[0.3434894673],"iteration":26,"passed_time":0.2444324451,"remaining_time":8.808621076},
{"learn":[0.3387096385],"iteration":27,"passed_time":0.2474929092,"remaining_time":8.591539562},
{"learn":[0.3338681144],"iteration":28,"passed_time":0.2502451443,"remaining_time":8.378897764},
{"learn":[0.3311583424],"iteration":29,"passed_time":0.2511742634,"remaining_time":8.121301184},
{"learn":[0.3266847939],"iteration":30,"passed_time":0.2547244524,"remaining_time":7.962193366},
{"learn":[0.3215701857],"iteration":31,"passed_time":0.2588252378,"remaining_time":7.829463444},
{"learn":[0.3170729478],"iteration":32,"passed_time":0.2624589139,"remaining_time":7.690841507},
{"learn":[0.312774604],"iteration":33,"passed_time":0.2663726256,"remaining_time":7.568116363},
{"learn":[0.309201418],"iteration":34,"passed_time":0.2692919417,"remaining_time":7.424763536},
{"learn":[0.306466968],"iteration":35,"passed_time":0.2730828268,"remaining_time":7.312551251},
{"learn":[0.3023751475],"iteration":36,"passed_time":0.2763190652,"remaining_time":7.191763777},
{"learn":[0.2997213649],"iteration":37,"passed_time":0.2793692505,"remaining_time":7.072453131},
{"learn":[0.2977031712],"iteration":38,"passed_time":0.2821322981,"remaining_time":6.95202919},
{"learn":[0.2943914584],"iteration":39,"passed_time":0.2847350574,"remaining_time":6.833641378},
{"learn":[0.2919007647],"iteration":40,"passed_time":0.2872536111,"remaining_time":6.718932025},
{"learn":[0.2892687576],"iteration":41,"passed_time":0.2901665196,"remaining_time":6.618560137},
{"learn":[0.2874619727],"iteration":42,"passed_time":0.2946637461,"remaining_time":6.557981513},
{"learn":[0.2836901885],"iteration":43,"passed_time":0.2975722699,"remaining_time":6.465433864},
{"learn":[0.2799698614],"iteration":44,"passed_time":0.3001185266,"remaining_time":6.369182065},
{"learn":[0.2776901707],"iteration":45,"passed_time":0.3031226438,"remaining_time":6.286500048},
{"learn":[0.2746876288],"iteration":46,"passed_time":0.307760169,"remaining_time":6.240328534},
{"learn":[0.2721713958],"iteration":47,"passed_time":0.3104743717,"remaining_time":6.157741706},
{"learn":[0.2699021506],"iteration":48,"passed_time":0.3131812754,"remaining_time":6.078273324},
{"learn":[0.2676953968],"iteration":49,"passed_time":0.3165297246,"remaining_time":6.014064767},
{"learn":[0.2664814203],"iteration":50,"passed_time":0.3196468177,"remaining_time":5.947937844},
{"learn":[0.2650353779],"iteration":51,"passed_time":0.3223438197,"remaining_time":5.876575789},
{"learn":[0.2613161608],"iteration":52,"passed_time":0.3254796867,"remaining_time":5.815646478},
{"learn":[0.2596313584],"iteration":53,"passed_time":0.3281684251,"remaining_time":5.749024632},
{"learn":[0.2575661553],"iteration":54,"passed_time":0.3308944432,"remaining_time":5.68536816},
{"learn":[0.256432457],"iteration":55,"passed_time":0.3320406528,"remaining_time":5.597256719},
{"learn":[0.2545077327],"iteration":56,"passed_time":0.3352448724,"remaining_time":5.546244117},
{"learn":[0.251640957],"iteration":57,"passed_time":0.3390471303,"remaining_time":5.506593048},
{"learn":[0.2487352004],"iteration":58,"passed_time":0.3420795303,"remaining_time":5.455878611},
{"learn":[0.2478060638],"iteration":59,"passed_time":0.3453616298,"remaining_time":5.410665534},
{"learn":[0.2464807569],"iteration":60,"passed_time":0.3483955098,"remaining_time":5.363006291},
{"learn":[0.2450230398],"iteration":61,"passed_time":0.3514262637,"remaining_time":5.31673928},
{"learn":[0.2435816977],"iteration":62,"passed_time":0.354082775,"remaining_time":5.266278733},
{"learn":[0.2425742771],"iteration":63,"passed_time":0.3555504164,"remaining_time":5.19992484},
{"learn":[0.2414031066],"iteration":64,"passed_time":0.3589037639,"remaining_time":5.162692605},
{"learn":[0.2401358771],"iteration":65,"passed_time":0.3614943628,"remaining_time":5.115692953},
{"learn":[0.2392154502],"iteration":66,"passed_time":0.3644654466,"remaining_time":5.075317338},
{"learn":[0.2381332146],"iteration":67,"passed_time":0.3675936426,"remaining_time":5.038195219},
{"learn":[0.2368072865],"iteration":68,"passed_time":0.3704914442,"remaining_time":4.998949776},
{"learn":[0.234970667],"iteration":69,"passed_time":0.3737173404,"remaining_time":4.965101808},
{"learn":[0.2327485163],"iteration":70,"passed_time":0.3766337161,"remaining_time":4.928066511},
{"learn":[0.2315513806],"iteration":71,"passed_time":0.3794756819,"remaining_time":4.8910199},
{"learn":[0.2298745099],"iteration":72,"passed_time":0.3822516911,"remaining_time":4.854072845},
{"learn":[0.2289155253],"iteration":73,"passed_time":0.3852633401,"remaining_time":4.820998013},
{"learn":[0.2273520565],"iteration":74,"passed_time":0.3884243313,"remaining_time":4.790566752},
{"learn":[0.2264242087],"iteration":75,"passed_time":0.3913026833,"remaining_time":4.757416834},
{"learn":[0.2245200521],"iteration":76,"passed_time":0.3942391826,"remaining_time":4.725750202},
{"learn":[0.2223832315],"iteration":77,"passed_time":0.3974574278,"remaining_time":4.698150621},
{"learn":[0.2215090857],"iteration":78,"passed_time":0.4005871705,"remaining_time":4.670136507},
{"learn":[0.2205980147],"iteration":79,"passed_time":0.4033554144,"remaining_time":4.638587266},
{"learn":[0.2193775008],"iteration":80,"passed_time":0.4062640594,"remaining_time":4.609341612},
{"learn":[0.2179443915],"iteration":81,"passed_time":0.4090733813,"remaining_time":4.57962639},
{"learn":[0.2170676407],"iteration":82,"passed_time":0.4119015613,"remaining_time":4.550767852},
{"learn":[0.2158039437],"iteration":83,"passed_time":0.4172620246,"remaining_time":4.55014303},
{"learn":[0.2139752449],"iteration":84,"passed_time":0.4210010819,"remaining_time":4.531952822},
{"learn":[0.2130282234],"iteration":85,"passed_time":0.4237807392,"remaining_time":4.503902275},
{"learn":[0.2119294502],"iteration":86,"passed_time":0.4271531559,"remaining_time":4.482653234},
{"learn":[0.2103803791],"iteration":87,"passed_time":0.4303119008,"remaining_time":4.459596062},
{"learn":[0.2091637674],"iteration":88,"passed_time":0.4335230431,"remaining_time":4.437522385},
{"learn":[0.2087521215],"iteration":89,"passed_time":0.4348410258,"remaining_time":4.396725927},
{"learn":[0.2071671839],"iteration":90,"passed_time":0.437856621,"remaining_time":4.373754598},
{"learn":[0.2064054913],"iteration":91,"passed_time":0.4408672774,"remaining_time":4.351168346},
{"learn":[0.2053380134],"iteration":92,"passed_time":0.443812502,"remaining_time":4.328364939},
{"learn":[0.2044536393],"iteration":93,"passed_time":0.4464669688,"remaining_time":4.303181635},
{"learn":[0.2040288385],"iteration":94,"passed_time":0.4474123614,"remaining_time":4.262191443},
{"learn":[0.2032566462],"iteration":95,"passed_time":0.4504149721,"remaining_time":4.241407654},
{"learn":[0.2019325366],"iteration":96,"passed_time":0.4538748611,"remaining_time":4.225247418},
{"learn":[0.2004862871],"iteration":97,"passed_time":0.4570734879,"remaining_time":4.206941695},
{"learn":[0.1998281696],"iteration":98,"passed_time":0.4597874074,"remaining_time":4.184529839},
{"learn":[0.1989788948],"iteration":99,"passed_time":0.4626070671,"remaining_time":4.163463604},
{"learn":[0.198115124],"iteration":100,"passed_time":0.4652243275,"remaining_time":4.140957133},
{"learn":[0.1965586527],"iteration":101,"passed_time":0.4681714382,"remaining_time":4.121744622},
{"learn":[0.1956803585],"iteration":102,"passed_time":0.4713888028,"remaining_time":4.105201515},
{"learn":[0.1949200681],"iteration":103,"passed_time":0.4741402616,"remaining_time":4.084900715},
{"learn":[0.1943835371],"iteration":104,"passed_time":0.4770233779,"remaining_time":4.066056412},
{"learn":[0.1931170709],"iteration":105,"passed_time":0.4799022059,"remaining_time":4.047477095},
{"learn":[0.1918462109],"iteration":106,"passed_time":0.4829217184,"remaining_time":4.03036537},
{"learn":[0.1907635592],"iteration":107,"passed_time":0.4863868684,"remaining_time":4.017195246},
{"learn":[0.190263645],"iteration":108,"passed_time":0.4892532097,"remaining_time":3.999308347},
{"learn":[0.1895709837],"iteration":109,"passed_time":0.4923628641,"remaining_time":3.983663173},
{"learn":[0.1889137468],"iteration":110,"passed_time":0.4950543904,"remaining_time":3.964895073},
{"learn":[0.1883492414],"iteration":111,"passed_time":0.4979075124,"remaining_time":3.947695277},
{"learn":[0.1873769963],"iteration":112,"passed_time":0.5006050745,"remaining_time":3.929528328},
{"learn":[0.186632404],"iteration":113,"passed_time":0.5034205047,"remaining_time":3.912548835},
{"learn":[0.1858901926],"iteration":114,"passed_time":0.5063743965,"remaining_time":3.896881225},
{"learn":[0.1850196838],"iteration":115,"passed_time":0.509449604,"remaining_time":3.882357327},
{"learn":[0.1841782154],"iteration":116,"passed_time":0.5123812876,"remaining_time":3.866945957},
{"learn":[0.1837538252],"iteration":117,"passed_time":0.5150545584,"remaining_time":3.849814581},
{"learn":[0.1824312565],"iteration":118,"passed_time":0.5186960423,"remaining_time":3.840094229},
{"learn":[0.1810643089],"iteration":119,"passed_time":0.5217999378,"remaining_time":3.826532878},
{"learn":[0.1800796203],"iteration":120,"passed_time":0.5262287918,"remaining_time":3.822769487},
{"learn":[0.1787601201],"iteration":121,"passed_time":0.5298514255,"remaining_time":3.813193046},
{"learn":[0.1780389143],"iteration":122,"passed_time":0.5332434202,"remaining_time":3.802068939},
{"learn":[0.1762586269],"iteration":123,"passed_time":0.5361176916,"remaining_time":3.787412079},
{"learn":[0.1754098436],"iteration":124,"passed_time":0.5392856794,"remaining_time":3.774999755},
{"learn":[0.1747000642],"iteration":125,"passed_time":0.5421505586,"remaining_time":3.760631653},
{"learn":[0.1737642166],"iteration":126,"passed_time":0.5449915186,"remaining_time":3.746280282},
{"learn":[0.1725527959],"iteration":127,"passed_time":0.5478874438,"remaining_time":3.732483211},
{"learn":[0.171607419],"iteration":128,"passed_time":0.5509655448,"remaining_time":3.72008519},
{"learn":[0.1704821802],"iteration":129,"passed_time":0.5546984673,"remaining_time":3.71221282},
{"learn":[0.1692645794],"iteration":130,"passed_time":0.557936432,"remaining_time":3.701120301},
{"learn":[0.1681586523],"iteration":131,"passed_time":0.5607645355,"remaining_time":3.687451642},
{"learn":[0.1673067574],"iteration":132,"passed_time":0.5635290554,"remaining_time":3.673531512},
{"learn":[0.1663744237],"iteration":133,"passed_time":0.5664547001,"remaining_time":3.660819182},
{"learn":[0.1658914229],"iteration":134,"passed_time":0.5695815405,"remaining_time":3.649540982},
{"learn":[0.164916852],"iteration":135,"passed_time":0.5722355387,"remaining_time":3.635378716},
{"learn":[0.1643739074],"iteration":136,"passed_time":0.575188612,"remaining_time":3.62326841},
{"learn":[0.1635590237],"iteration":137,"passed_time":0.5778773267,"remaining_time":3.609639534},
{"learn":[0.16318518],"iteration":138,"passed_time":0.5804269528,"remaining_time":3.59530652},
{"learn":[0.1626651972],"iteration":139,"passed_time":0.5837562357,"remaining_time":3.585931162},
{"learn":[0.1618584982],"iteration":140,"passed_time":0.5867125046,"remaining_time":3.574369089},
{"learn":[0.1618430087],"iteration":141,"passed_time":0.5877187145,"remaining_time":3.551145472},
{"learn":[0.1613388963],"iteration":142,"passed_time":0.591507756,"remaining_time":3.544910118},
{"learn":[0.161092423],"iteration":143,"passed_time":0.5941664671,"remaining_time":3.531989555},
{"learn":[0.1606385798],"iteration":144,"passed_time":0.5973935693,"remaining_time":3.522562081},
{"learn":[0.1602488107],"iteration":145,"passed_time":0.6001262045,"remaining_time":3.510327251},
{"learn":[0.1594672923],"iteration":146,"passed_time":0.6031358603,"remaining_time":3.499829176},
{"learn":[0.158464068],"iteration":147,"passed_time":0.6063687442,"remaining_time":3.490717365},
{"learn":[0.1577380008],"iteration":148,"passed_time":0.609507264,"remaining_time":3.481145514},
{"learn":[0.1576621663],"iteration":149,"passed_time":0.6109790815,"remaining_time":3.462214795},
{"learn":[0.1570124285],"iteration":150,"passed_time":0.613863178,"remaining_time":3.451455882},
{"learn":[0.1565153247],"iteration":151,"passed_time":0.6170961209,"remaining_time":3.44274678},
{"learn":[0.1554924681],"iteration":152,"passed_time":0.6201025627,"remaining_time":3.432855363},
{"learn":[0.154590713],"iteration":153,"passed_time":0.6226230863,"remaining_time":3.420383967},
{"learn":[0.15406817],"iteration":154,"passed_time":0.6254375596,"remaining_time":3.40964347},
{"learn":[0.1534158006],"iteration":155,"passed_time":0.6285471828,"remaining_time":3.400601425},
{"learn":[0.1525866746],"iteration":156,"passed_time":0.6316908616,"remaining_time":3.391817811},
{"learn":[0.152373693],"iteration":157,"passed_time":0.6346992412,"remaining_time":3.382384564},
{"learn":[0.1518090592],"iteration":158,"passed_time":0.6377897125,"remaining_time":3.373466341},
{"learn":[0.1510003984],"iteration":159,"passed_time":0.6412100954,"remaining_time":3.366353001},
{"learn":[0.1506081817],"iteration":160,"passed_time":0.6444138604,"remaining_time":3.358156701},
{"learn":[0.1501491922],"iteration":161,"passed_time":0.6472641532,"remaining_time":3.348193583},
{"learn":[0.1491326627],"iteration":162,"passed_time":0.6506626806,"remaining_time":3.341132906},
{"learn":[0.1485912528],"iteration":163,"passed_time":0.6537063235,"remaining_time":3.332307844},
{"learn":[0.1478896729],"iteration":164,"passed_time":0.6566826389,"remaining_time":3.323212142},
{"learn":[0.1473316185],"iteration":165,"passed_time":0.6593873696,"remaining_time":3.3128257},
{"learn":[0.1464738347],"iteration":166,"passed_time":0.6626422299,"remaining_time":3.305275314},
{"learn":[0.1457831161],"iteration":167,"passed_time":0.6660904767,"remaining_time":3.29873379},
{"learn":[0.1450848346],"iteration":168,"passed_time":0.6689719137,"remaining_time":3.289441777},
{"learn":[0.1444925483],"iteration":169,"passed_time":0.6717854101,"remaining_time":3.279893473},
{"learn":[0.1439528623],"iteration":170,"passed_time":0.6751044014,"remaining_time":3.272874554},
{"learn":[0.1427498484],"iteration":171,"passed_time":0.677827021,"remaining_time":3.263027752},
{"learn":[0.1423560029],"iteration":172,"passed_time":0.6806849261,"remaining_time":3.253910023},
{"learn":[0.1416534648],"iteration":173,"passed_time":0.684227617,"remaining_time":3.248115009},
{"learn":[0.141328365],"iteration":174,"passed_time":0.6875393389,"remaining_time":3.241256883},
{"learn":[0.1406709724],"iteration":175,"passed_time":0.6904429792,"remaining_time":3.232528494},
{"learn":[0.1403723774],"iteration":176,"passed_time":0.6939201404,"remaining_time":3.22653263},
{"learn":[0.1397513128],"iteration":177,"passed_time":0.696800186,"remaining_time":3.2178076},
{"learn":[0.1389929609],"iteration":178,"passed_time":0.6995914742,"remaining_time":3.208740784},
{"learn":[0.1388864621],"iteration":179,"passed_time":0.7029972449,"remaining_time":3.202543005},
{"learn":[0.1388381063],"iteration":180,"passed_time":0.7039515423,"remaining_time":3.185283498},
{"learn":[0.1382494222],"iteration":181,"passed_time":0.7069642649,"remaining_time":3.177454773},
{"learn":[0.1375157586],"iteration":182,"passed_time":0.710257972,"remaining_time":3.170933132},
{"learn":[0.1371108164],"iteration":183,"passed_time":0.714505936,"remaining_time":3.168678499},
{"learn":[0.1367574571],"iteration":184,"passed_time":0.7181949239,"remaining_time":3.1639398},
{"learn":[0.1360471379],"iteration":185,"passed_time":0.7211537693,"remaining_time":3.156017033},
{"learn":[0.1354135791],"iteration":186,"passed_time":0.7239345749,"remaining_time":3.147373312},
{"learn":[0.1349160398],"iteration":187,"passed_time":0.7277954538,"remaining_time":3.14345696},
{"learn":[0.1341883555],"iteration":188,"passed_time":0.7308492765,"remaining_time":3.136078112},
{"learn":[0.1330916096],"iteration":189,"passed_time":0.7341811741,"remaining_time":3.129930268},
{"learn":[0.132150505],"iteration":190,"passed_time":0.7373442503,"remaining_time":3.123096851},
{"learn":[0.1316783078],"iteration":191,"passed_time":0.7410801902,"remaining_time":3.118712467},
{"learn":[0.131377964],"iteration":192,"passed_time":0.7444044778,"remaining_time":3.112613542},
{"learn":[0.1304567031],"iteration":193,"passed_time":0.7478867214,"remaining_time":3.107199471},
{"learn":[0.1297265234],"iteration":194,"passed_time":0.7511789368,"remaining_time":3.101020739},
{"learn":[0.1287053143],"iteration":195,"passed_time":0.7545041271,"remaining_time":3.095006726},
{"learn":[0.1280704544],"iteration":196,"passed_time":0.7577291595,"remaining_time":3.088611752},
{"learn":[0.1274685095],"iteration":197,"passed_time":0.7611910758,"remaining_time":3.083208297},
{"learn":[0.1272911895],"iteration":198,"passed_time":0.7651076252,"remaining_time":3.079654311},
{"learn":[0.1269179881],"iteration":199,"passed_time":0.7685163516,"remaining_time":3.074065406},
{"learn":[0.1265640034],"iteration":200,"passed_time":0.7719002644,"remaining_time":3.068399558},
{"learn":[0.1258762593],"iteration":201,"passed_time":0.7754553765,"remaining_time":3.063432626},
{"learn":[0.1251762849],"iteration":202,"passed_time":0.7783344511,"remaining_time":3.055825407},
{"learn":[0.124653131],"iteration":203,"passed_time":0.781792022,"remaining_time":3.050521811},
{"learn":[0.1241325318],"iteration":204,"passed_time":0.785627516,"remaining_time":3.04670183},
{"learn":[0.1237050534],"iteration":205,"passed_time":0.7885202452,"remaining_time":3.039247935},
{"learn":[0.1234062916],"iteration":206,"passed_time":0.7917858933,"remaining_time":3.033266731},
{"learn":[0.122809506],"iteration":207,"passed_time":0.7951869712,"remaining_time":3.027827313},
{"learn":[0.1223191703],"iteration":208,"passed_time":0.7984443891,"remaining_time":3.021863693},
{"learn":[0.1219590613],"iteration":209,"passed_time":0.8014898843,"remaining_time":3.015128612},
{"learn":[0.1213756068],"iteration":210,"passed_time":0.8062720986,"remaining_time":3.014922681},
{"learn":[0.1211470794],"iteration":211,"passed_time":0.8100214892,"remaining_time":3.010834592},
{"learn":[0.1202620846],"iteration":212,"passed_time":0.8128750044,"remaining_time":3.00343957},
{"learn":[0.1202567099],"iteration":213,"passed_time":0.8135202263,"remaining_time":2.987976158},
{"learn":[0.1200320536],"iteration":214,"passed_time":0.8163112084,"remaining_time":2.98048511},
{"learn":[0.1188957705],"iteration":215,"passed_time":0.8193019539,"remaining_time":2.973762647},
{"learn":[0.1184903228],"iteration":216,"passed_time":0.8225275355,"remaining_time":2.967921937},
{"learn":[0.1182707979],"iteration":217,"passed_time":0.8260249506,"remaining_time":2.963080327},
{"learn":[0.1178871868],"iteration":218,"passed_time":0.8288078385,"remaining_time":2.955702839},
{"learn":[0.1174673283],"iteration":219,"passed_time":0.8322639919,"remaining_time":2.950754153},
{"learn":[0.1174479136],"iteration":220,"passed_time":0.8329749003,"remaining_time":2.936142295},
{"learn":[0.1170256726],"iteration":221,"passed_time":0.8372245276,"remaining_time":2.934057128},
{"learn":[0.1166410277],"iteration":222,"passed_time":0.8407836862,"remaining_time":2.929546745},
{"learn":[0.1162575737],"iteration":223,"passed_time":0.8441871071,"remaining_time":2.924505335},
{"learn":[0.1157050593],"iteration":224,"passed_time":0.8475960722,"remaining_time":2.919497582},
{"learn":[0.1152111853],"iteration":225,"passed_time":0.8507064311,"remaining_time":2.913481317},
{"learn":[0.1146102039],"iteration":226,"passed_time":0.8538522813,"remaining_time":2.907611513},
{"learn":[0.1143391331],"iteration":227,"passed_time":0.8568576189,"remaining_time":2.901289833},
{"learn":[0.1138868583],"iteration":228,"passed_time":0.8605870044,"remaining_time":2.897434849},
{"learn":[0.1133609371],"iteration":229,"passed_time":0.8635638193,"remaining_time":2.891061482},
{"learn":[0.1132846477],"iteration":230,"passed_time":0.8645231522,"remaining_time":2.878001316},
{"learn":[0.1129850672],"iteration":231,"passed_time":0.8682966599,"remaining_time":2.874361357},
{"learn":[0.1123753888],"iteration":232,"passed_time":0.8713349945,"remaining_time":2.868300175},
{"learn":[0.1118528693],"iteration":233,"passed_time":0.8742446003,"remaining_time":2.861843435},
{"learn":[0.1113446517],"iteration":234,"passed_time":0.8774523986,"remaining_time":2.856387596},
{"learn":[0.1111389313],"iteration":235,"passed_time":0.8803430344,"remaining_time":2.84992406},
{"learn":[0.1108026844],"iteration":236,"passed_time":0.8832830377,"remaining_time":2.843649611},
{"learn":[0.1100148616],"iteration":237,"passed_time":0.8861015143,"remaining_time":2.837014092},
{"learn":[0.1098855457],"iteration":238,"passed_time":0.8893512547,"remaining_time":2.831783702},
{"learn":[0.1095939662],"iteration":239,"passed_time":0.8929355656,"remaining_time":2.827629291},
{"learn":[0.1092135701],"iteration":240,"passed_time":0.896169538,"remaining_time":2.822376263},
{"learn":[0.108685225],"iteration":241,"passed_time":0.8992500041,"remaining_time":2.816659104},
{"learn":[0.1084617846],"iteration":242,"passed_time":0.902345198,"remaining_time":2.811009526},
{"learn":[0.1080844921],"iteration":243,"passed_time":0.9051870121,"remaining_time":2.804595824},
{"learn":[0.1078158591],"iteration":244,"passed_time":0.9087576167,"remaining_time":2.800457145},
{"learn":[0.1074346296],"iteration":245,"passed_time":0.9121924076,"remaining_time":2.79590681},
{"learn":[0.1071333919],"iteration":246,"passed_time":0.9150864451,"remaining_time":2.789716976},
{"learn":[0.1066301582],"iteration":247,"passed_time":0.9184722227,"remaining_time":2.785044804},
{"learn":[0.1062711641],"iteration":248,"passed_time":0.9215254243,"remaining_time":2.779379894},
{"learn":[0.1061318131],"iteration":249,"passed_time":0.9248543169,"remaining_time":2.774562951},
{"learn":[0.1055923638],"iteration":250,"passed_time":0.9283626824,"remaining_time":2.770293423},
{"learn":[0.1052333113],"iteration":251,"passed_time":0.9313220506,"remaining_time":2.764400372},
{"learn":[0.104855592],"iteration":252,"passed_time":0.9343438308,"remaining_time":2.758714789},
{"learn":[0.1044078212],"iteration":253,"passed_time":0.9376824329,"remaining_time":2.753980689},
{"learn":[0.1039958977],"iteration":254,"passed_time":0.9410272348,"remaining_time":2.749275647},
{"learn":[0.1034444552],"iteration":255,"passed_time":0.9446348058,"remaining_time":2.745344904},
{"learn":[0.1031623081],"iteration":256,"passed_time":0.9481104628,"remaining_time":2.741035307},
{"learn":[0.1028895233],"iteration":257,"passed_time":0.9509268648,"remaining_time":2.734836177},
{"learn":[0.102725283],"iteration":258,"passed_time":0.9539429551,"remaining_time":2.729234478},
{"learn":[0.1025231449],"iteration":259,"passed_time":0.9580714043,"remaining_time":2.726818612},
{"learn":[0.1021763552],"iteration":260,"passed_time":0.9615420371,"remaining_time":2.72252707},
{"learn":[0.1019344945],"iteration":261,"passed_time":0.9649189332,"remaining_time":2.717977758},
{"learn":[0.1012510553],"iteration":262,"passed_time":0.9680703878,"remaining_time":2.712805611},
{"learn":[0.1010710546],"iteration":263,"passed_time":0.9708530277,"remaining_time":2.706620562},
{"learn":[0.1004781059],"iteration":264,"passed_time":0.9745830911,"remaining_time":2.703088951},
{"learn":[0.09979318715],"iteration":265,"passed_time":0.9776504612,"remaining_time":2.697727212},
{"learn":[0.09950186978],"iteration":266,"passed_time":0.9810484546,"remaining_time":2.693290327},
{"learn":[0.09926973348],"iteration":267,"passed_time":0.9842648868,"remaining_time":2.688365288},
{"learn":[0.09889583564],"iteration":268,"passed_time":0.9870071938,"remaining_time":2.68216453},
{"learn":[0.09863763389],"iteration":269,"passed_time":0.9902652167,"remaining_time":2.677383734},
{"learn":[0.09831958898],"iteration":270,"passed_time":0.9935416785,"remaining_time":2.672663777},
{"learn":[0.09805801915],"iteration":271,"passed_time":0.9969839121,"remaining_time":2.668398118},
{"learn":[0.09778306973],"iteration":272,"passed_time":1.000620437,"remaining_time":2.664655889},
{"learn":[0.09729915582],"iteration":273,"passed_time":1.004167088,"remaining_time":2.660676298},
{"learn":[0.09702336056],"iteration":274,"passed_time":1.008043566,"remaining_time":2.657569401},
{"learn":[0.09672007165],"iteration":275,"passed_time":1.010986324,"remaining_time":2.652007603},
{"learn":[0.09646609729],"iteration":276,"passed_time":1.014367448,"remaining_time":2.647608898},
{"learn":[0.0961189849],"iteration":277,"passed_time":1.017650088,"remaining_time":2.642961739},
{"learn":[0.09575351411],"iteration":278,"passed_time":1.021310068,"remaining_time":2.639299496},
{"learn":[0.0954335677],"iteration":279,"passed_time":1.024184577,"remaining_time":2.633617483},
{"learn":[0.09502504975],"iteration":280,"passed_time":1.027441803,"remaining_time":2.62893472},
{"learn":[0.09461855295],"iteration":281,"passed_time":1.030851372,"remaining_time":2.624649947},
{"learn":[0.09435406177],"iteration":282,"passed_time":1.034292379,"remaining_time":2.62045101},
{"learn":[0.09419286404],"iteration":283,"passed_time":1.038174574,"remaining_time":2.617369701},
{"learn":[0.09384061891],"iteration":284,"passed_time":1.041296792,"remaining_time":2.612376163},
{"learn":[0.09366093555],"iteration":285,"passed_time":1.044331781,"remaining_time":2.607177943},
{"learn":[0.09332022704],"iteration":286,"passed_time":1.048121956,"remaining_time":2.603870921},
{"learn":[0.09306187727],"iteration":287,"passed_time":1.051306486,"remaining_time":2.599063257},
{"learn":[0.09263323458],"iteration":288,"passed_time":1.054239944,"remaining_time":2.593649135},
{"learn":[0.09241317038],"iteration":289,"passed_time":1.057576224,"remaining_time":2.589238342},
{"learn":[0.09208448079],"iteration":290,"passed_time":1.06080508,"remaining_time":2.584573202},
{"learn":[0.09173331838],"iteration":291,"passed_time":1.0642568,"remaining_time":2.580458269},
{"learn":[0.0914637807],"iteration":292,"passed_time":1.067638066,"remaining_time":2.576177859},
{"learn":[0.09117266658],"iteration":293,"passed_time":1.071062675,"remaining_time":2.572007647},
{"learn":[0.09091660632],"iteration":294,"passed_time":1.074098892,"remaining_time":2.5669143},
{"learn":[0.09063557061],"iteration":295,"passed_time":1.077258556,"remaining_time":2.562128456},
{"learn":[0.0905507882],"iteration":296,"passed_time":1.080066917,"remaining_time":2.556522029},
{"learn":[0.09047528108],"iteration":297,"passed_time":1.082962593,"remaining_time":2.551140067},
{"learn":[0.09023212434],"iteration":298,"passed_time":1.086478462,"remaining_time":2.547228768},
{"learn":[0.09004220557],"iteration":299,"passed_time":1.089607957,"remaining_time":2.542418567},
{"learn":[0.08959901519],"iteration":300,"passed_time":1.092696568,"remaining_time":2.537524587},
{"learn":[0.08937076521],"iteration":301,"passed_time":1.095991125,"remaining_time":2.53311856},
{"learn":[0.08911021481],"iteration":302,"passed_time":1.099216532,"remaining_time":2.528560801},
{"learn":[0.08889004452],"iteration":303,"passed_time":1.1025988,"remaining_time":2.524370937},
{"learn":[0.08864374545],"iteration":304,"passed_time":1.105581402,"remaining_time":2.519275655},
{"learn":[0.0885376011],"iteration":305,"passed_time":1.108710475,"remaining_time":2.514526372},
{"learn":[0.0884339168],"iteration":306,"passed_time":1.112026236,"remaining_time":2.51020906},
{"learn":[0.08817573334],"iteration":307,"passed_time":1.115183652,"remaining_time":2.50554249},
{"learn":[0.08796326139],"iteration":308,"passed_time":1.11850287,"remaining_time":2.501247517},
{"learn":[0.08772724334],"iteration":309,"passed_time":1.123083129,"remaining_time":2.499765675},
{"learn":[0.08768689564],"iteration":310,"passed_time":1.124594568,"remaining_time":2.491465136},
{"learn":[0.08744444716],"iteration":311,"passed_time":1.127645261,"remaining_time":2.486602371},
{"learn":[0.08735488143],"iteration":312,"passed_time":1.131141826,"remaining_time":2.482729823},
{"learn":[0.0873507758],"iteration":313,"passed_time":1.132442822,"remaining_time":2.474062982},
{"learn":[0.08710638243],"iteration":314,"passed_time":1.136097896,"remaining_time":2.47056209},
{"learn":[0.08683847977],"iteration":315,"passed_time":1.138865088,"remaining_time":2.465138354},
{"learn":[0.08675058322],"iteration":316,"passed_time":1.141516142,"remaining_time":2.459481152},
{"learn":[0.08666538607],"iteration":317,"passed_time":1.145100093,"remaining_time":2.455843595},
{"learn":[0.08639083897],"iteration":318,"passed_time":1.148201537,"remaining_time":2.451176322},
{"learn":[0.08613216865],"iteration":319,"passed_time":1.151872703,"remaining_time":2.447729493},
{"learn":[0.08596228894],"iteration":320,"passed_time":1.154974148,"remaining_time":2.443076157},
{"learn":[0.08567101374],"iteration":321,"passed_time":1.158175803,"remaining_time":2.43864346},
{"learn":[0.08544179742],"iteration":322,"passed_time":1.161553255,"remaining_time":2.434586853},
{"learn":[0.08525754685],"iteration":323,"passed_time":1.164257846,"remaining_time":2.429130567},
{"learn":[0.08516870304],"iteration":324,"passed_time":1.167388226,"remaining_time":2.424575547},
{"learn":[0.08468911598],"iteration":325,"passed_time":1.170457899,"remaining_time":2.419903755},
{"learn":[0.08457735889],"iteration":326,"passed_time":1.173582653,"remaining_time":2.415355124},
{"learn":[0.08418828398],"iteration":327,"passed_time":1.176840717,"remaining_time":2.411088299},
{"learn":[0.0839386376],"iteration":328,"passed_time":1.180353266,"remaining_time":2.40734663},
{"learn":[0.08369314537],"iteration":329,"passed_time":1.183694932,"remaining_time":2.403259407},
{"learn":[0.08367187649],"iteration":330,"passed_time":1.186918566,"remaining_time":2.398938129},
{"learn":[0.08344831734],"iteration":331,"passed_time":1.19017747,"remaining_time":2.394694427},
{"learn":[0.08344447781],"iteration":332,"passed_time":1.191095171,"remaining_time":2.385767203},
{"learn":[0.0830835963],"iteration":333,"passed_time":1.193771449,"remaining_time":2.380394566},
{"learn":[0.08280716773],"iteration":334,"passed_time":1.19759119,"remaining_time":2.377307885},
{"learn":[0.08269233521],"iteration":335,"passed_time":1.200872563,"remaining_time":2.373152922},
{"learn":[0.08251579286],"iteration":336,"passed_time":1.203681591,"remaining_time":2.368073871},
{"learn":[0.08251237101],"iteration":337,"passed_time":1.204599214,"remaining_time":2.359303786},
{"learn":[0.08221661336],"iteration":338,"passed_time":1.20746252,"remaining_time":2.354373822},
{"learn":[0.08199994181],"iteration":339,"passed_time":1.210969762,"remaining_time":2.350706008},
{"learn":[0.08174150037],"iteration":340,"passed_time":1.214044456,"remaining_time":2.346203216},
{"learn":[0.08136685334],"iteration":341,"passed_time":1.217322216,"remaining_time":2.342099468},
{"learn":[0.08104559446],"iteration":342,"passed_time":1.220499752,"remaining_time":2.337808563},
{"learn":[0.08103532077],"iteration":343,"passed_time":1.2215901,"remaining_time":2.329543912},
{"learn":[0.08075157005],"iteration":344,"passed_time":1.22465137,"remaining_time":2.325062747},
{"learn":[0.08074805734],"iteration":345,"passed_time":1.225801627,"remaining_time":2.316977641},
{"learn":[0.0806339352],"iteration":346,"passed_time":1.228674591,"remaining_time":2.312174375},
{"learn":[0.08044208637],"iteration":347,"passed_time":1.232210119,"remaining_time":2.308623556},
{"learn":[0.08024959219],"iteration":348,"passed_time":1.235401944,"remaining_time":2.304431706},
{"learn":[0.08001367094],"iteration":349,"passed_time":1.238541324,"remaining_time":2.300148173},
{"learn":[0.07981097584],"iteration":350,"passed_time":1.242391339,"remaining_time":2.297185126},
{"learn":[0.07953794365],"iteration":351,"passed_time":1.245409609,"remaining_time":2.29268587},
{"learn":[0.07939933777],"iteration":352,"passed_time":1.248372713,"remaining_time":2.288093896},
{"learn":[0.07926069727],"iteration":353,"passed_time":1.25199943,"remaining_time":2.284722124},
{"learn":[0.07903468052],"iteration":354,"passed_time":1.25502335,"remaining_time":2.280253693},
{"learn":[0.07862505766],"iteration":355,"passed_time":1.259161617,"remaining_time":2.277809218},
{"learn":[0.07857135447],"iteration":356,"passed_time":1.261106709,"remaining_time":2.271405081},
{"learn":[0.07838698437],"iteration":357,"passed_time":1.264062566,"remaining_time":2.266838457},
{"learn":[0.07832836824],"iteration":358,"passed_time":1.266985045,"remaining_time":2.262221209},
{"learn":[0.07824301736],"iteration":359,"passed_time":1.270458867,"remaining_time":2.258593542},
{"learn":[0.078083821],"iteration":360,"passed_time":1.273411193,"remaining_time":2.254043636},
{"learn":[0.07796405847],"iteration":361,"passed_time":1.276531313,"remaining_time":2.24979828},
{"learn":[0.07781325168],"iteration":362,"passed_time":1.279859484,"remaining_time":2.245924218},
{"learn":[0.07766054287],"iteration":363,"passed_time":1.283534682,"remaining_time":2.242659499},
{"learn":[0.07754657856],"iteration":364,"passed_time":1.286732527,"remaining_time":2.238562068},
{"learn":[0.07727269257],"iteration":365,"passed_time":1.290841619,"remaining_time":2.23604805},
{"learn":[0.07707329964],"iteration":366,"passed_time":1.294071511,"remaining_time":2.2320089},
{"learn":[0.07706918219],"iteration":367,"passed_time":1.295704669,"remaining_time":2.225231931},
{"learn":[0.07692999275],"iteration":368,"passed_time":1.299383798,"remaining_time":2.221981509},
{"learn":[0.07668036455],"iteration":369,"passed_time":1.302982987,"remaining_time":2.218592654},
{"learn":[0.07656434554],"iteration":370,"passed_time":1.307171608,"remaining_time":2.216201998},
{"learn":[0.0764666446],"iteration":371,"passed_time":1.311039816,"remaining_time":2.213260765},
{"learn":[0.07621025048],"iteration":372,"passed_time":1.314261186,"remaining_time":2.209227249},
{"learn":[0.07588014596],"iteration":373,"passed_time":1.318330401,"remaining_time":2.206617196},
{"learn":[0.07573603641],"iteration":374,"passed_time":1.321915355,"remaining_time":2.203192259},
{"learn":[0.07564015016],"iteration":375,"passed_time":1.325039136,"remaining_time":2.19900112},
{"learn":[0.07543559269],"iteration":376,"passed_time":1.328252379,"remaining_time":2.194963481},
{"learn":[0.07523268951],"iteration":377,"passed_time":1.331718106,"remaining_time":2.191345666},
{"learn":[0.07512275429],"iteration":378,"passed_time":1.334964318,"remaining_time":2.187368974},
{"learn":[0.07494478221],"iteration":379,"passed_time":1.338009536,"remaining_time":2.18306819},
{"learn":[0.0747196747],"iteration":380,"passed_time":1.340838041,"remaining_time":2.178421909},
{"learn":[0.07466179702],"iteration":381,"passed_time":1.342845132,"remaining_time":2.17245626},
{"learn":[0.07453437834],"iteration":382,"passed_time":1.346814188,"remaining_time":2.169671942},
{"learn":[0.07422456377],"iteration":383,"passed_time":1.349694026,"remaining_time":2.165134167},
{"learn":[0.07410566099],"iteration":384,"passed_time":1.352892531,"remaining_time":2.161114043},
{"learn":[0.07400795283],"iteration":385,"passed_time":1.355667916,"remaining_time":2.15642513},
{"learn":[0.07381584074],"iteration":386,"passed_time":1.358673202,"remaining_time":2.152110266},
{"learn":[0.07345192697],"iteration":387,"passed_time":1.36190011,"remaining_time":2.14815172},
{"learn":[0.07334222406],"iteration":388,"passed_time":1.365184543,"remaining_time":2.144287289},
{"learn":[0.07310291128],"iteration":389,"passed_time":1.36854514,"remaining_time":2.140544962},
{"learn":[0.07293826774],"iteration":390,"passed_time":1.371324564,"remaining_time":2.135899385},
{"learn":[0.07278166246],"iteration":391,"passed_time":1.374247408,"remaining_time":2.131485776},
{"learn":[0.07245995669],"iteration":392,"passed_time":1.37763758,"remaining_time":2.127801554},
{"learn":[0.07225212367],"iteration":393,"passed_time":1.381199992,"remaining_time":2.124383744},
{"learn":[0.07222492571],"iteration":394,"passed_time":1.384541277,"remaining_time":2.120626514},
{"learn":[0.07222245637],"iteration":395,"passed_time":1.385510354,"remaining_time":2.113253166},
{"learn":[0.07208123212],"iteration":396,"passed_time":1.389671207,"remaining_time":2.110760045},
{"learn":[0.07192148442],"iteration":397,"passed_time":1.392918995,"remaining_time":2.106877475},
{"learn":[0.07170031986],"iteration":398,"passed_time":1.396158485,"remaining_time":2.102985587},
{"learn":[0.0715032086],"iteration":399,"passed_time":1.39931047,"remaining_time":2.098965705},
{"learn":[0.07149567484],"iteration":400,"passed_time":1.400635569,"remaining_time":2.092221211},
{"learn":[0.0714659042],"iteration":401,"passed_time":1.404043941,"remaining_time":2.088602678},
{"learn":[0.07143700212],"iteration":402,"passed_time":1.407209051,"remaining_time":2.084624822},
{"learn":[0.071429542],"iteration":403,"passed_time":1.409373882,"remaining_time":2.079175331},
{"learn":[0.07133435751],"iteration":404,"passed_time":1.412689288,"remaining_time":2.075432411},
{"learn":[0.07129787002],"iteration":405,"passed_time":1.415628169,"remaining_time":2.07114072},
{"learn":[0.07105882328],"iteration":406,"passed_time":1.418746815,"remaining_time":2.067117595},
{"learn":[0.07078203358],"iteration":407,"passed_time":1.421661813,"remaining_time":2.062803414},
{"learn":[0.07068277181],"iteration":408,"passed_time":1.424476184,"remaining_time":2.058350671},
{"learn":[0.07046127535],"iteration":409,"passed_time":1.427734137,"remaining_time":2.054544246},
{"learn":[0.07014886269],"iteration":410,"passed_time":1.431131065,"remaining_time":2.050939653},
{"learn":[0.06994494353],"iteration":411,"passed_time":1.434206705,"remaining_time":2.046877531},
{"learn":[0.06991365197],"iteration":412,"passed_time":1.437156531,"remaining_time":2.042641365},
{"learn":[0.06963348255],"iteration":413,"passed_time":1.440279139,"remaining_time":2.038655979},
{"learn":[0.06943340245],"iteration":414,"passed_time":1.443170742,"remaining_time":2.034349118},
{"learn":[0.06915869661],"iteration":415,"passed_time":1.446211472,"remaining_time":2.030258412},
{"learn":[0.06896673952],"iteration":416,"passed_time":1.449640158,"remaining_time":2.026715138},
{"learn":[0.06886808974],"iteration":417,"passed_time":1.453085016,"remaining_time":2.023194927},
{"learn":[0.06867202501],"iteration":418,"passed_time":1.455868612,"remaining_time":2.018758147},
{"learn":[0.06862267335],"iteration":419,"passed_time":1.459067644,"remaining_time":2.014902937},
{"learn":[0.06850977904],"iteration":420,"passed_time":1.462324612,"remaining_time":2.011130523},
{"learn":[0.06837897386],"iteration":421,"passed_time":1.4652758,"remaining_time":2.006941736},
{"learn":[0.06824242376],"iteration":422,"passed_time":1.468152535,"remaining_time":2.002657241},
{"learn":[0.06816779682],"iteration":423,"passed_time":1.471536913,"remaining_time":1.999069014},
{"learn":[0.06779177563],"iteration":424,"passed_time":1.475533173,"remaining_time":1.996309587},
{"learn":[0.06766118939],"iteration":425,"passed_time":1.478291043,"remaining_time":1.991875724},
{"learn":[0.06745260783],"iteration":426,"passed_time":1.481410481,"remaining_time":1.987934907},
{"learn":[0.06743115198],"iteration":427,"passed_time":1.484547929,"remaining_time":1.984021999},
{"learn":[0.06719427235],"iteration":428,"passed_time":1.488111071,"remaining_time":1.980679304},
{"learn":[0.06707727209],"iteration":429,"passed_time":1.49149812,"remaining_time":1.977102159},
{"learn":[0.06669763903],"iteration":430,"passed_time":1.494348765,"remaining_time":1.972817743},
{"learn":[0.06667728069],"iteration":431,"passed_time":1.497465602,"remaining_time":1.968889958},
{"learn":[0.06654036175],"iteration":432,"passed_time":1.500682927,"remaining_time":1.965097505},
{"learn":[0.0663975859],"iteration":433,"passed_time":1.503812516,"remaining_time":1.961193281},
{"learn":[0.06634303409],"iteration":434,"passed_time":1.506945882,"remaining_time":1.957297525},
{"learn":[0.06613117419],"iteration":435,"passed_time":1.510077361,"remaining_time":1.953402824},
{"learn":[0.06603278971],"iteration":436,"passed_time":1.513048088,"remaining_time":1.949304516},
{"learn":[0.06600878158],"iteration":437,"passed_time":1.516985295,"remaining_time":1.946451451},
{"learn":[0.06600132053],"iteration":438,"passed_time":1.519752266,"remaining_time":1.942097998},
{"learn":[0.06582939566],"iteration":439,"passed_time":1.523024311,"remaining_time":1.938394578},
{"learn":[0.06566508163],"iteration":440,"passed_time":1.526131445,"remaining_time":1.934484077},
{"learn":[0.06543659046],"iteration":441,"passed_time":1.529258982,"remaining_time":1.930602968},
{"learn":[0.06507587552],"iteration":442,"passed_time":1.532030005,"remaining_time":1.926277004},
{"learn":[0.06500520397],"iteration":443,"passed_time":1.534981987,"remaining_time":1.922184651},
{"learn":[0.06492608931],"iteration":444,"passed_time":1.53878262,"remaining_time":1.919155852},
{"learn":[0.06490012985],"iteration":445,"passed_time":1.541601648,"remaining_time":1.914904289},
{"learn":[0.06476878229],"iteration":446,"passed_time":1.544578696,"remaining_time":1.910854629},
{"learn":[0.06465583733],"iteration":447,"passed_time":1.547527806,"remaining_time":1.906775332},
{"learn":[0.06447361465],"iteration":448,"passed_time":1.551445522,"remaining_time":1.903889716},
{"learn":[0.06435558341],"iteration":449,"passed_time":1.555179053,"remaining_time":1.900774398},
{"learn":[0.06415541307],"iteration":450,"passed_time":1.55810727,"remaining_time":1.896676034},
{"learn":[0.06382824324],"iteration":451,"passed_time":1.561335652,"remaining_time":1.892946764},
{"learn":[0.06376012364],"iteration":452,"passed_time":1.564518769,"remaining_time":1.889165048},
{"learn":[0.06362548249],"iteration":453,"passed_time":1.567942906,"remaining_time":1.88567583},
{"learn":[0.06354749021],"iteration":454,"passed_time":1.571096943,"remaining_time":1.881863371},
{"learn":[0.06344939753],"iteration":455,"passed_time":1.574404253,"remaining_time":1.878236653},
{"learn":[0.06335484144],"iteration":456,"passed_time":1.577267495,"remaining_time":1.874083698},
{"learn":[0.06330836677],"iteration":457,"passed_time":1.5802518,"remaining_time":1.870079641},
{"learn":[0.06308538395],"iteration":458,"passed_time":1.584000066,"remaining_time":1.866980469},
{"learn":[0.06299715741],"iteration":459,"passed_time":1.587939562,"remaining_time":1.864102964},
{"learn":[0.06299166735],"iteration":460,"passed_time":1.589447823,"remaining_time":1.858378257},
{"learn":[0.06273898644],"iteration":461,"passed_time":1.592193563,"remaining_time":1.854112851},
{"learn":[0.06267546392],"iteration":462,"passed_time":1.595343581,"remaining_time":1.850322901},
{"learn":[0.06257711708],"iteration":463,"passed_time":1.598523401,"remaining_time":1.846570135},
{"learn":[0.06247163753],"iteration":464,"passed_time":1.602153576,"remaining_time":1.843337985},
{"learn":[0.06241041151],"iteration":465,"passed_time":1.604985408,"remaining_time":1.839189288},
{"learn":[0.06229357196],"iteration":466,"passed_time":1.608889514,"remaining_time":1.836270045},
{"learn":[0.0622220866],"iteration":467,"passed_time":1.612053439,"remaining_time":1.832505192},
{"learn":[0.06213100949],"iteration":468,"passed_time":1.616075829,"remaining_time":1.829714851},
{"learn":[0.06193016648],"iteration":469,"passed_time":1.618973637,"remaining_time":1.825651122},
{"learn":[0.06165342318],"iteration":470,"passed_time":1.621858873,"remaining_time":1.821578224},
{"learn":[0.06164814575],"iteration":471,"passed_time":1.623305413,"remaining_time":1.81590097},
{"learn":[0.06162575356],"iteration":472,"passed_time":1.626795929,"remaining_time":1.812518932},
{"learn":[0.06126359472],"iteration":473,"passed_time":1.630448197,"remaining_time":1.809315932},
{"learn":[0.0611580203],"iteration":474,"passed_time":1.633559418,"remaining_time":1.805513041},
{"learn":[0.06103267837],"iteration":475,"passed_time":1.63641431,"remaining_time":1.801430879},
{"learn":[0.06091723056],"iteration":476,"passed_time":1.639392441,"remaining_time":1.797488987},
{"learn":[0.06068121822],"iteration":477,"passed_time":1.643169698,"remaining_time":1.794423813},
{"learn":[0.06057406342],"iteration":478,"passed_time":1.646636882,"remaining_time":1.791018404},
{"learn":[0.06050156065],"iteration":479,"passed_time":1.650404313,"remaining_time":1.787938005},
{"learn":[0.06032067695],"iteration":480,"passed_time":1.654062922,"remaining_time":1.784737332},
{"learn":[0.06031721634],"iteration":481,"passed_time":1.657180196,"remaining_time":1.78095299},
{"learn":[0.06022957011],"iteration":482,"passed_time":1.661079221,"remaining_time":1.778008193},
{"learn":[0.06013216644],"iteration":483,"passed_time":1.664282144,"remaining_time":1.774317327},
{"learn":[0.06011129249],"iteration":484,"passed_time":1.667850021,"remaining_time":1.771016002},
{"learn":[0.05997036729],"iteration":485,"passed_time":1.670895306,"remaining_time":1.76716088},
{"learn":[0.05981386594],"iteration":486,"passed_time":1.67381049,"remaining_time":1.763172035},
{"learn":[0.05967481856],"iteration":487,"passed_time":1.677116857,"remaining_time":1.759598014},
{"learn":[0.05953047848],"iteration":488,"passed_time":1.681017689,"remaining_time":1.756646297},
{"learn":[0.05941188248],"iteration":489,"passed_time":1.68476255,"remaining_time":1.753528369},
{"learn":[0.05927341279],"iteration":490,"passed_time":1.687731347,"remaining_time":1.749603372},
{"learn":[0.05914154367],"iteration":491,"passed_time":1.691077642,"remaining_time":1.746072037},
{"learn":[0.05888590757],"iteration":492,"passed_time":1.693959284,"remaining_time":1.742063604},
{"learn":[0.05883460935],"iteration":493,"passed_time":1.697580436,"remaining_time":1.738817208},
{"learn":[0.05856626972],"iteration":494,"passed_time":1.700822528,"remaining_time":1.735182579},
{"learn":[0.05847572599],"iteration":495,"passed_time":1.70526034,"remaining_time":1.732764539},
{"learn":[0.05823060321],"iteration":496,"passed_time":1.708703269,"remaining_time":1.729331477},
{"learn":[0.05812863912],"iteration":497,"passed_time":1.711918177,"remaining_time":1.725668524},
{"learn":[0.0578786329],"iteration":498,"passed_time":1.714827955,"remaining_time":1.721701013},
{"learn":[0.05775558292],"iteration":499,"passed_time":1.718525272,"remaining_time":1.718525272},
{"learn":[0.05760633095],"iteration":500,"passed_time":1.722056833,"remaining_time":1.715182355},
{"learn":[0.0575367896],"iteration":501,"passed_time":1.725413814,"remaining_time":1.711665497},
{"learn":[0.05749679897],"iteration":502,"passed_time":1.728748139,"remaining_time":1.708126889},
{"learn":[0.05746981019],"iteration":503,"passed_time":1.732429128,"remaining_time":1.704930253},
{"learn":[0.05734879965],"iteration":504,"passed_time":1.73594515,"remaining_time":1.701569999},
{"learn":[0.05734398203],"iteration":505,"passed_time":1.738188656,"remaining_time":1.696966791},
{"learn":[0.05721698573],"iteration":506,"passed_time":1.741454876,"remaining_time":1.693367365},
{"learn":[0.05713354538],"iteration":507,"passed_time":1.74446671,"remaining_time":1.689522876},
{"learn":[0.05697766841],"iteration":508,"passed_time":1.74763635,"remaining_time":1.685833886},
{"learn":[0.05672983464],"iteration":509,"passed_time":1.751160995,"remaining_time":1.682488014},
{"learn":[0.05657177187],"iteration":510,"passed_time":1.754017899,"remaining_time":1.678502451},
{"learn":[0.05652847999],"iteration":511,"passed_time":1.757464528,"remaining_time":1.675083378},
{"learn":[0.05637847293],"iteration":512,"passed_time":1.760321782,"remaining_time":1.671104694},
{"learn":[0.05625498811],"iteration":513,"passed_time":1.763989868,"remaining_time":1.667897035},
{"learn":[0.05623027519],"iteration":514,"passed_time":1.767245757,"remaining_time":1.664299402},
{"learn":[0.05616484291],"iteration":515,"passed_time":1.770104037,"remaining_time":1.660330143},
{"learn":[0.05616038196],"iteration":516,"passed_time":1.772319042,"remaining_time":1.655764211},
{"learn":[0.05613994408],"iteration":517,"passed_time":1.775221526,"remaining_time":1.651847057},
{"learn":[0.05602155797],"iteration":518,"passed_time":1.778734754,"remaining_time":1.64849984},
{"learn":[0.05584865393],"iteration":519,"passed_time":1.782023288,"remaining_time":1.644944574},
{"learn":[0.05583122613],"iteration":520,"passed_time":1.784747341,"remaining_time":1.640871356},
{"learn":[0.05572234208],"iteration":521,"passed_time":1.788472945,"remaining_time":1.637720436},
{"learn":[0.05569455388],"iteration":522,"passed_time":1.791699601,"remaining_time":1.634112256},
{"learn":[0.05560014283],"iteration":523,"passed_time":1.796110349,"remaining_time":1.631581156},
{"learn":[0.05548707439],"iteration":524,"passed_time":1.799204359,"remaining_time":1.627851563},
{"learn":[0.05537475621],"iteration":525,"passed_time":1.802452748,"remaining_time":1.624263503},
{"learn":[0.05532011255],"iteration":526,"passed_time":1.805820905,"remaining_time":1.620784228},
{"learn":[0.05518365952],"iteration":527,"passed_time":1.810271338,"remaining_time":1.618272863},
{"learn":[0.05506959055],"iteration":528,"passed_time":1.813575605,"remaining_time":1.614733668},
{"learn":[0.05500683595],"iteration":529,"passed_time":1.816380015,"remaining_time":1.610752089},
{"learn":[0.05494632763],"iteration":530,"passed_time":1.819511074,"remaining_time":1.607063453},
{"learn":[0.05471940988],"iteration":531,"passed_time":1.823287545,"remaining_time":1.603944683},
{"learn":[0.05459996166],"iteration":532,"passed_time":1.826268521,"remaining_time":1.600126452},
{"learn":[0.05443354665],"iteration":533,"passed_time":1.829298857,"remaining_time":1.596354433},
{"learn":[0.05437132937],"iteration":534,"passed_time":1.833002536,"remaining_time":1.593170428},
{"learn":[0.05433565057],"iteration":535,"passed_time":1.83621308,"remaining_time":1.589557592},
{"learn":[0.05419527116],"iteration":536,"passed_time":1.839267567,"remaining_time":1.585811702},
{"learn":[0.05409756584],"iteration":537,"passed_time":1.842202167,"remaining_time":1.58196543},
{"learn":[0.05406697507],"iteration":538,"passed_time":1.845723345,"remaining_time":1.578624234},
{"learn":[0.05400424833],"iteration":539,"passed_time":1.848850924,"remaining_time":1.574947083},
{"learn":[0.0539680835],"iteration":540,"passed_time":1.851935211,"remaining_time":1.571235235},
{"learn":[0.05396403031],"iteration":541,"passed_time":1.854684524,"remaining_time":1.567242642},
{"learn":[0.05382798555],"iteration":542,"passed_time":1.858079094,"remaining_time":1.563797691},
{"learn":[0.05367878902],"iteration":543,"passed_time":1.861899452,"remaining_time":1.560709834},
{"learn":[0.05353260177],"iteration":544,"passed_time":1.865409696,"remaining_time":1.557360388},
{"learn":[0.0533465825],"iteration":545,"passed_time":1.868482014,"remaining_time":1.553646217},
{"learn":[0.05331232283],"iteration":546,"passed_time":1.87186377,"remaining_time":1.550190654},
{"learn":[0.05312628645],"iteration":547,"passed_time":1.875495931,"remaining_time":1.546941899},
{"learn":[0.05303982878],"iteration":548,"passed_time":1.878895939,"remaining_time":1.543501036},
{"learn":[0.05288954134],"iteration":549,"passed_time":1.881938688,"remaining_time":1.539768018},
{"learn":[0.05288445088],"iteration":550,"passed_time":1.885359367,"remaining_time":1.536345473},
{"learn":[0.05283006372],"iteration":551,"passed_time":1.888298996,"remaining_time":1.532532519},
{"learn":[0.05270089989],"iteration":552,"passed_time":1.891110148,"remaining_time":1.528618872},
{"learn":[0.05264398879],"iteration":553,"passed_time":1.894161188,"remaining_time":1.524902328},
{"learn":[0.05264012556],"iteration":554,"passed_time":1.895517948,"remaining_time":1.519829706},
{"learn":[0.05252948317],"iteration":555,"passed_time":1.898231571,"remaining_time":1.515853988},
{"learn":[0.05233328649],"iteration":556,"passed_time":1.901015686,"remaining_time":1.511938867},
{"learn":[0.05222487002],"iteration":557,"passed_time":1.904178334,"remaining_time":1.508327641},
{"learn":[0.05206497386],"iteration":558,"passed_time":1.907929413,"remaining_time":1.505182238},
{"learn":[0.05186572887],"iteration":559,"passed_time":1.911305013,"remaining_time":1.501739653},
{"learn":[0.0516889437],"iteration":560,"passed_time":1.914568517,"remaining_time":1.498209588},
{"learn":[0.05151694189],"iteration":561,"passed_time":1.91760612,"remaining_time":1.494504414},
{"learn":[0.05147725381],"iteration":562,"passed_time":1.920745708,"remaining_time":1.490880772},
{"learn":[0.05147425346],"iteration":563,"passed_time":1.924219413,"remaining_time":1.487517135},
{"learn":[0.05119795187],"iteration":564,"passed_time":1.92768354,"remaining_time":1.484145734},
{"learn":[0.05099110958],"iteration":565,"passed_time":1.931235237,"remaining_time":1.480841154},
{"learn":[0.05097871563],"iteration":566,"passed_time":1.934235324,"remaining_time":1.477114454},
{"learn":[0.05078053248],"iteration":567,"passed_time":1.937542628,"remaining_time":1.47362397},
{"learn":[0.05055032521],"iteration":568,"passed_time":1.940647915,"remaining_time":1.46998111},
{"learn":[0.0503323978],"iteration":569,"passed_time":1.943782494,"remaining_time":1.466362232},
{"learn":[0.05022529528],"iteration":570,"passed_time":1.946926117,"remaining_time":1.462751846},
{"learn":[0.0500573414],"iteration":571,"passed_time":1.950008236,"remaining_time":1.459097071},
{"learn":[0.04996307559],"iteration":572,"passed_time":1.953240748,"remaining_time":1.455556369},
{"learn":[0.04982915838],"iteration":573,"passed_time":1.956355016,"remaining_time":1.451928984},
{"learn":[0.04976072148],"iteration":574,"passed_time":1.960749008,"remaining_time":1.449249267},
{"learn":[0.04967624484],"iteration":575,"passed_time":1.964093627,"remaining_time":1.445791142},
{"learn":[0.04946126736],"iteration":576,"passed_time":1.96700112,"remaining_time":1.442012953},
{"learn":[0.04928127444],"iteration":577,"passed_time":1.970386324,"remaining_time":1.438586555},
{"learn":[0.04919056507],"iteration":578,"passed_time":1.975242589,"remaining_time":1.436229931},
{"learn":[0.04901958763],"iteration":579,"passed_time":1.978718146,"remaining_time":1.432864864},
{"learn":[0.04885586084],"iteration":580,"passed_time":1.982036585,"remaining_time":1.429386109},
{"learn":[0.0488010086],"iteration":581,"passed_time":1.985452742,"remaining_time":1.425978086},
{"learn":[0.04876551813],"iteration":582,"passed_time":1.989476556,"remaining_time":1.423004672},
{"learn":[0.04859114057],"iteration":583,"passed_time":1.992500337,"remaining_time":1.419315308},
{"learn":[0.04842607768],"iteration":584,"passed_time":1.995835208,"remaining_time":1.415848908},
{"learn":[0.04836570996],"iteration":585,"passed_time":1.998913172,"remaining_time":1.412201456},
{"learn":[0.04818845189],"iteration":586,"passed_time":2.00179879,"remaining_time":1.408420614},
{"learn":[0.04801843137],"iteration":587,"passed_time":2.005043006,"remaining_time":1.404894079},
{"learn":[0.04793415361],"iteration":588,"passed_time":2.008053476,"remaining_time":1.401205396},
{"learn":[0.04780362867],"iteration":589,"passed_time":2.011507019,"remaining_time":1.397826911},
{"learn":[0.04765484117],"iteration":590,"passed_time":2.014212641,"remaining_time":1.393930575},
{"learn":[0.04757000277],"iteration":591,"passed_time":2.018738553,"remaining_time":1.391292786},
{"learn":[0.04751560014],"iteration":592,"passed_time":2.022293877,"remaining_time":1.387982475},
{"learn":[0.04743697538],"iteration":593,"passed_time":2.025191702,"remaining_time":1.384221938},
{"learn":[0.04737595958],"iteration":594,"passed_time":2.028737358,"remaining_time":1.38090526},
{"learn":[0.04712123726],"iteration":595,"passed_time":2.031940524,"remaining_time":1.377355658},
{"learn":[0.04710541844],"iteration":596,"passed_time":2.036384061,"remaining_time":1.374644517},
{"learn":[0.04695402496],"iteration":597,"passed_time":2.040146567,"remaining_time":1.371469766},
{"learn":[0.04689671314],"iteration":598,"passed_time":2.043086276,"remaining_time":1.367742232},
{"learn":[0.04673388981],"iteration":599,"passed_time":2.045879952,"remaining_time":1.363919968},
{"learn":[0.04668115244],"iteration":600,"passed_time":2.048910946,"remaining_time":1.360258681},
{"learn":[0.04659382287],"iteration":601,"passed_time":2.052161819,"remaining_time":1.356744857},
{"learn":[0.04652958695],"iteration":602,"passed_time":2.055560558,"remaining_time":1.353329256},
{"learn":[0.04645911321],"iteration":603,"passed_time":2.058273447,"remaining_time":1.349464048},
{"learn":[0.04630898857],"iteration":604,"passed_time":2.061028344,"remaining_time":1.345630076},
{"learn":[0.04620807607],"iteration":605,"passed_time":2.063995624,"remaining_time":1.341937749},
{"learn":[0.0461024349],"iteration":606,"passed_time":2.067276283,"remaining_time":1.338450707},
{"learn":[0.046017006],"iteration":607,"passed_time":2.070266368,"remaining_time":1.334777001},
{"learn":[0.0459562543],"iteration":608,"passed_time":2.073713893,"remaining_time":1.331399232},
{"learn":[0.04590461288],"iteration":609,"passed_time":2.077538622,"remaining_time":1.328262397},
{"learn":[0.04588311019],"iteration":610,"passed_time":2.080209648,"remaining_time":1.324388794},
{"learn":[0.04583032521],"iteration":611,"passed_time":2.082963664,"remaining_time":1.320571735},
{"learn":[0.04578323708],"iteration":612,"passed_time":2.086169424,"remaining_time":1.317043339},
{"learn":[0.04564280636],"iteration":613,"passed_time":2.088965658,"remaining_time":1.313258541},
{"learn":[0.04548594711],"iteration":614,"passed_time":2.091981119,"remaining_time":1.309614196},
{"learn":[0.04540628635],"iteration":615,"passed_time":2.094996636,"remaining_time":1.305971929},
{"learn":[0.0453070567],"iteration":616,"passed_time":2.099401252,"remaining_time":1.30319397},
{"learn":[0.04523051223],"iteration":617,"passed_time":2.102420719,"remaining_time":1.299554554},
{"learn":[0.04512993203],"iteration":618,"passed_time":2.105943123,"remaining_time":1.296226704},
{"learn":[0.04504233688],"iteration":619,"passed_time":2.10909707,"remaining_time":1.292672398},
{"learn":[0.04498407077],"iteration":620,"passed_time":2.112431913,"remaining_time":1.289229782},
{"learn":[0.04487696083],"iteration":621,"passed_time":2.115586748,"remaining_time":1.28567812},
{"learn":[0.04479504371],"iteration":622,"passed_time":2.118592847,"remaining_time":1.282037726},
{"learn":[0.04472426594],"iteration":623,"passed_time":2.1215248,"remaining_time":1.278354687},
{"learn":[0.04452105173],"iteration":624,"passed_time":2.124750832,"remaining_time":1.274850499},
{"learn":[0.04447693716],"iteration":625,"passed_time":2.127998956,"remaining_time":1.271360399},
{"learn":[0.04437115124],"iteration":626,"passed_time":2.131192708,"remaining_time":1.267838724},
{"learn":[0.04427613989],"iteration":627,"passed_time":2.134228556,"remaining_time":1.264224559},
{"learn":[0.04416809703],"iteration":628,"passed_time":2.137851593,"remaining_time":1.260958571},
{"learn":[0.04404942394],"iteration":629,"passed_time":2.140640809,"remaining_time":1.257201745},
{"learn":[0.0439701277],"iteration":630,"passed_time":2.144263381,"remaining_time":1.253935321},
{"learn":[0.0439157251],"iteration":631,"passed_time":2.147514058,"remaining_time":1.250451224},
{"learn":[0.04386013368],"iteration":632,"passed_time":2.150978245,"remaining_time":1.247091652},
{"learn":[0.04382321223],"iteration":633,"passed_time":2.153859781,"remaining_time":1.243395394},
{"learn":[0.04371327198],"iteration":634,"passed_time":2.1568418,"remaining_time":1.23975946},
{"learn":[0.04365880234],"iteration":635,"passed_time":2.160224321,"remaining_time":1.2363548},
{"learn":[0.0436062915],"iteration":636,"passed_time":2.163780021,"remaining_time":1.233048897},
{"learn":[0.04352630781],"iteration":637,"passed_time":2.167093931,"remaining_time":1.229605021},
{"learn":[0.04347600135],"iteration":638,"passed_time":2.170299819,"remaining_time":1.226100524},
{"learn":[0.0434138486],"iteration":639,"passed_time":2.173733194,"remaining_time":1.222724922},
{"learn":[0.04336203818],"iteration":640,"passed_time":2.176591606,"remaining_time":1.219027124},
{"learn":[0.04329852766],"iteration":641,"passed_time":2.179851204,"remaining_time":1.215555656},
{"learn":[0.04312707458],"iteration":642,"passed_time":2.182935121,"remaining_time":1.211987306},
{"learn":[0.0429624722],"iteration":643,"passed_time":2.18645573,"remaining_time":1.208661863},
{"learn":[0.04286510282],"iteration":644,"passed_time":2.189822042,"remaining_time":1.205250892},
{"learn":[0.04280376568],"iteration":645,"passed_time":2.192496632,"remaining_time":1.201461002},
{"learn":[0.04274894298],"iteration":646,"passed_time":2.195748766,"remaining_time":1.197989667},
{"learn":[0.04273237566],"iteration":647,"passed_time":2.198776922,"remaining_time":1.194397341},
{"learn":[0.04265362396],"iteration":648,"passed_time":2.201985223,"remaining_time":1.190904181},
{"learn":[0.04261129579],"iteration":649,"passed_time":2.204828644,"remaining_time":1.187215424},
{"learn":[0.04256985393],"iteration":650,"passed_time":2.208286113,"remaining_time":1.183858454},
{"learn":[0.04250895728],"iteration":651,"passed_time":2.211554976,"remaining_time":1.180400509},
{"learn":[0.04247369667],"iteration":652,"passed_time":2.215719992,"remaining_time":1.177419353},
{"learn":[0.0423940703],"iteration":653,"passed_time":2.219666173,"remaining_time":1.174318801},
{"learn":[0.04233125143],"iteration":654,"passed_time":2.223181152,"remaining_time":1.170988546},
{"learn":[0.04227774307],"iteration":655,"passed_time":2.226395949,"remaining_time":1.167500314},
{"learn":[0.0421631541],"iteration":656,"passed_time":2.229348495,"remaining_time":1.163876003},
{"learn":[0.04207292062],"iteration":657,"passed_time":2.232530892,"remaining_time":1.160373199},
{"learn":[0.04205755825],"iteration":658,"passed_time":2.235439078,"remaining_time":1.156729477},
{"learn":[0.04197391814],"iteration":659,"passed_time":2.238825331,"remaining_time":1.153334262},
{"learn":[0.04180556203],"iteration":660,"passed_time":2.242155203,"remaining_time":1.149910157},
{"learn":[0.04175790718],"iteration":661,"passed_time":2.245435526,"remaining_time":1.146461039},
{"learn":[0.04172642377],"iteration":662,"passed_time":2.248662543,"remaining_time":1.142985335},
{"learn":[0.0416790534],"iteration":663,"passed_time":2.251982904,"remaining_time":1.139557614},
{"learn":[0.04163703468],"iteration":664,"passed_time":2.255159177,"remaining_time":1.136057631},
{"learn":[0.04160638285],"iteration":665,"passed_time":2.258917139,"remaining_time":1.132850337},
{"learn":[0.04154964667],"iteration":666,"passed_time":2.262387278,"remaining_time":1.129497697},
{"learn":[0.04146656231],"iteration":667,"passed_time":2.265349854,"remaining_time":1.125892442},
{"learn":[0.04143782767],"iteration":668,"passed_time":2.268272844,"remaining_time":1.122269524},
{"learn":[0.04140094838],"iteration":669,"passed_time":2.271165508,"remaining_time":1.118633758},
{"learn":[0.04134430751],"iteration":670,"passed_time":2.273954676,"remaining_time":1.114949461},
{"learn":[0.04132816228],"iteration":671,"passed_time":2.276897469,"remaining_time":1.111342812},
{"learn":[0.04127286832],"iteration":672,"passed_time":2.280165246,"remaining_time":1.107896041},
{"learn":[0.04123935922],"iteration":673,"passed_time":2.28343179,"remaining_time":1.104449204},
{"learn":[0.04120049188],"iteration":674,"passed_time":2.286895661,"remaining_time":1.101097911},
{"learn":[0.04112083099],"iteration":675,"passed_time":2.289709222,"remaining_time":1.097434597},
{"learn":[0.04103318194],"iteration":676,"passed_time":2.293044638,"remaining_time":1.094022774},
{"learn":[0.04097089127],"iteration":677,"passed_time":2.296152377,"remaining_time":1.090503046},
{"learn":[0.04082463674],"iteration":678,"passed_time":2.299570668,"remaining_time":1.087131347},
{"learn":[0.04074841987],"iteration":679,"passed_time":2.302482729,"remaining_time":1.083521284},
{"learn":[0.04066660777],"iteration":680,"passed_time":2.305926305,"remaining_time":1.080162249},
{"learn":[0.04063258102],"iteration":681,"passed_time":2.309018304,"remaining_time":1.076639033},
{"learn":[0.04054519188],"iteration":682,"passed_time":2.312217745,"remaining_time":1.073166947},
{"learn":[0.04052925422],"iteration":683,"passed_time":2.315405652,"remaining_time":1.069690331},
{"learn":[0.04045592899],"iteration":684,"passed_time":2.318567565,"remaining_time":1.066202603},
{"learn":[0.040399888],"iteration":685,"passed_time":2.321968842,"remaining_time":1.062825388},
{"learn":[0.04034791138],"iteration":686,"passed_time":2.325173584,"remaining_time":1.059358562},
{"learn":[0.04033379052],"iteration":687,"passed_time":2.328514748,"remaining_time":1.055954362},
{"learn":[0.04027905317],"iteration":688,"passed_time":2.332248307,"remaining_time":1.052727465},
{"learn":[0.04021576064],"iteration":689,"passed_time":2.335348028,"remaining_time":1.049214331},
{"learn":[0.04020082667],"iteration":690,"passed_time":2.338284358,"remaining_time":1.045629329},
{"learn":[0.04014338528],"iteration":691,"passed_time":2.341551835,"remaining_time":1.042193591},
{"learn":[0.04001098598],"iteration":692,"passed_time":2.345355417,"remaining_time":1.038995834},
{"learn":[0.03997111006],"iteration":693,"passed_time":2.348508657,"remaining_time":1.035509581},
{"learn":[0.03992740426],"iteration":694,"passed_time":2.351641169,"remaining_time":1.032015189},
{"learn":[0.03986005538],"iteration":695,"passed_time":2.354673327,"remaining_time":1.028478005},
{"learn":[0.03984703718],"iteration":696,"passed_time":2.357454179,"remaining_time":1.024833022},
{"learn":[0.03975679098],"iteration":697,"passed_time":2.360611506,"remaining_time":1.021353402},
{"learn":[0.03969791823],"iteration":698,"passed_time":2.363994114,"remaining_time":1.017971714},
{"learn":[0.03955486949],"iteration":699,"passed_time":2.367142853,"remaining_time":1.014489794},
{"learn":[0.03949213595],"iteration":700,"passed_time":2.370410998,"remaining_time":1.011059755},
{"learn":[0.03948041281],"iteration":701,"passed_time":2.373250887,"remaining_time":1.007448382},
{"learn":[0.0394335161],"iteration":702,"passed_time":2.375967258,"remaining_time":1.003787021},
{"learn":[0.03929580594],"iteration":703,"passed_time":2.381110583,"remaining_time":1.001148768},
{"learn":[0.03927345595],"iteration":704,"passed_time":2.384878337,"remaining_time":0.9979278149},
{"learn":[0.03923806077],"iteration":705,"passed_time":2.38844612,"remaining_time":0.9946220387},
{"learn":[0.03915933901],"iteration":706,"passed_time":2.391856923,"remaining_time":0.9912504644},
{"learn":[0.03911198785],"iteration":707,"passed_time":2.395188485,"remaining_time":0.9878460983},
{"learn":[0.03906385266],"iteration":708,"passed_time":2.398363324,"remaining_time":0.9843776125},
{"learn":[0.0390048856],"iteration":709,"passed_time":2.401794194,"remaining_time":0.9810145299},
{"learn":[0.03896803896],"iteration":710,"passed_time":2.404640869,"remaining_time":0.9774137991},
{"learn":[0.03893794295],"iteration":711,"passed_time":2.407954028,"remaining_time":0.9740038764},
{"learn":[0.03890749602],"iteration":712,"passed_time":2.411732573,"remaining_time":0.9707815546},
{"learn":[0.03881528068],"iteration":713,"passed_time":2.415594936,"remaining_time":0.9675912489},
{"learn":[0.03878468911],"iteration":714,"passed_time":2.418998241,"remaining_time":0.9642160822},
{"learn":[0.03877351331],"iteration":715,"passed_time":2.422020825,"remaining_time":0.9606898246},
{"learn":[0.03874051683],"iteration":716,"passed_time":2.425290458,"remaining_time":0.9572624822},
{"learn":[0.03867755939],"iteration":717,"passed_time":2.428766968,"remaining_time":0.9539168313},
{"learn":[0.03864283353],"iteration":718,"passed_time":2.431546053,"remaining_time":0.9502982487},
{"learn":[0.03850209251],"iteration":719,"passed_time":2.434953828,"remaining_time":0.9469264886},
{"learn":[0.03844170682],"iteration":720,"passed_time":2.438153692,"remaining_time":0.943474175},
{"learn":[0.03838965621],"iteration":721,"passed_time":2.442284929,"remaining_time":0.9403811776},
{"learn":[0.03837318567],"iteration":722,"passed_time":2.445454757,"remaining_time":0.9369169677},
{"learn":[0.03833034812],"iteration":723,"passed_time":2.448662995,"remaining_time":0.9334682135},
{"learn":[0.03824449265],"iteration":724,"passed_time":2.451930782,"remaining_time":0.9300427105},
{"learn":[0.03817477746],"iteration":725,"passed_time":2.455183226,"remaining_time":0.9266118512},
{"learn":[0.03810902792],"iteration":726,"passed_time":2.458427478,"remaining_time":0.9231784065},
{"learn":[0.03809427413],"iteration":727,"passed_time":2.461427428,"remaining_time":0.9196542039},
{"learn":[0.0380622085],"iteration":728,"passed_time":2.46668015,"remaining_time":0.9169688897},
{"learn":[0.03801250979],"iteration":729,"passed_time":2.469678531,"remaining_time":0.9134427442},
{"learn":[0.03788403941],"iteration":730,"passed_time":2.472550739,"remaining_time":0.9098716125},
{"learn":[0.037825845],"iteration":731,"passed_time":2.47543907,"remaining_time":0.9063082935},
{"learn":[0.03773289151],"iteration":732,"passed_time":2.478586504,"remaining_time":0.9028411957},
{"learn":[0.03768352036],"iteration":733,"passed_time":2.48153345,"remaining_time":0.8993023129},
{"learn":[0.03761217426],"iteration":734,"passed_time":2.484677064,"remaining_time":0.8958359481},
{"learn":[0.03757734554],"iteration":735,"passed_time":2.487818715,"remaining_time":0.8923697564},
{"learn":[0.03749995309],"iteration":736,"passed_time":2.490688996,"remaining_time":0.8888076064},
{"learn":[0.03746303267],"iteration":737,"passed_time":2.494065538,"remaining_time":0.885427061},
{"learn":[0.03744820869],"iteration":738,"passed_time":2.497199973,"remaining_time":0.881961019},
{"learn":[0.03740079113],"iteration":739,"passed_time":2.501216911,"remaining_time":0.8788059415},
{"learn":[0.03731853587],"iteration":740,"passed_time":2.504524421,"remaining_time":0.8754005735},
{"learn":[0.03728307803],"iteration":741,"passed_time":2.507378362,"remaining_time":0.8718377593},
{"learn":[0.03724461114],"iteration":742,"passed_time":2.510884387,"remaining_time":0.8685024057},
{"learn":[0.037184791],"iteration":743,"passed_time":2.514303856,"remaining_time":0.8651368106},
{"learn":[0.03709925265],"iteration":744,"passed_time":2.518112624,"remaining_time":0.8619043209},
{"learn":[0.03704565586],"iteration":745,"passed_time":2.522734431,"remaining_time":0.858947112},
{"learn":[0.03701065097],"iteration":746,"passed_time":2.525840567,"remaining_time":0.8554721065},
{"learn":[0.03691583306],"iteration":747,"passed_time":2.529011243,"remaining_time":0.8520198306},
{"learn":[0.03687674267],"iteration":748,"passed_time":2.532513992,"remaining_time":0.8486795888},
{"learn":[0.03678970657],"iteration":749,"passed_time":2.53538763,"remaining_time":0.8451292099},
{"learn":[0.0367329612],"iteration":750,"passed_time":2.538293298,"remaining_time":0.8415912533},
{"learn":[0.03671304686],"iteration":751,"passed_time":2.541479656,"remaining_time":0.8381475462},
{"learn":[0.03667925135],"iteration":752,"passed_time":2.545003464,"remaining_time":0.8348152133},
{"learn":[0.03664713811],"iteration":753,"passed_time":2.547750953,"remaining_time":0.8312290906},
{"learn":[0.03659795724],"iteration":754,"passed_time":2.551193422,"remaining_time":0.827870713},
{"learn":[0.03654236301],"iteration":755,"passed_time":2.554745379,"remaining_time":0.8245474503},
{"learn":[0.03650448111],"iteration":756,"passed_time":2.557699575,"remaining_time":0.8210316999},
{"learn":[0.03644257716],"iteration":757,"passed_time":2.560950074,"remaining_time":0.8176120288},
{"learn":[0.03642817988],"iteration":758,"passed_time":2.564351035,"remaining_time":0.814240579},
{"learn":[0.03639570105],"iteration":759,"passed_time":2.567543993,"remaining_time":0.8108033662},
{"learn":[0.03635320106],"iteration":760,"passed_time":2.570432098,"remaining_time":0.8072710532},
{"learn":[0.03630169311],"iteration":761,"passed_time":2.573389067,"remaining_time":0.8037619397},
{"learn":[0.03627265374],"iteration":762,"passed_time":2.576603185,"remaining_time":0.8003341478},
{"learn":[0.03623324481],"iteration":763,"passed_time":2.579547935,"remaining_time":0.7968237077},
{"learn":[0.03609798559],"iteration":764,"passed_time":2.582585094,"remaining_time":0.7933431335},
{"learn":[0.03601326397],"iteration":765,"passed_time":2.585379888,"remaining_time":0.7897896785},
{"learn":[0.03594051962],"iteration":766,"passed_time":2.588744911,"remaining_time":0.7864114268},
{"learn":[0.03587635759],"iteration":767,"passed_time":2.592350652,"remaining_time":0.7831059262},
{"learn":[0.03586147608],"iteration":768,"passed_time":2.595434535,"remaining_time":0.7796428837},
{"learn":[0.03582507222],"iteration":769,"passed_time":2.598727553,"remaining_time":0.7762432951},
{"learn":[0.0357740709],"iteration":770,"passed_time":2.601675873,"remaining_time":0.7727416017},
{"learn":[0.03574650799],"iteration":771,"passed_time":2.604561276,"remaining_time":0.7692227602},
{"learn":[0.03566501954],"iteration":772,"passed_time":2.608122346,"remaining_time":0.7659039749},
{"learn":[0.03561608497],"iteration":773,"passed_time":2.611103164,"remaining_time":0.7624151356},
{"learn":[0.03557592425],"iteration":774,"passed_time":2.614018262,"remaining_time":0.7589085277},
{"learn":[0.03554916469],"iteration":775,"passed_time":2.617492225,"remaining_time":0.7555647659},
{"learn":[0.03551709537],"iteration":776,"passed_time":2.620487918,"remaining_time":0.752083405},
{"learn":[0.03545603088],"iteration":777,"passed_time":2.623619471,"remaining_time":0.7486420597},
{"learn":[0.0354176239],"iteration":778,"passed_time":2.626498729,"remaining_time":0.7451299347},
{"learn":[0.03535607782],"iteration":779,"passed_time":2.629482024,"remaining_time":0.7416487759},
{"learn":[0.03529638927],"iteration":780,"passed_time":2.632237131,"remaining_time":0.7381049062},
{"learn":[0.03517894669],"iteration":781,"passed_time":2.635548661,"remaining_time":0.734718169},
{"learn":[0.03514529678],"iteration":782,"passed_time":2.638399693,"remaining_time":0.7312040019},
{"learn":[0.03500595607],"iteration":783,"passed_time":2.641620234,"remaining_time":0.7277933299},
{"learn":[0.03497540735],"iteration":784,"passed_time":2.644813921,"remaining_time":0.7243757873},
{"learn":[0.03495134316],"iteration":785,"passed_time":2.64803167,"remaining_time":0.7209653656},
{"learn":[0.03491886088],"iteration":786,"passed_time":2.650978651,"remaining_time":0.7174821507},
{"learn":[0.03488008731],"iteration":787,"passed_time":2.654110492,"remaining_time":0.7140500308},
{"learn":[0.0348202628],"iteration":788,"passed_time":2.657518375,"remaining_time":0.7106924931},
{"learn":[0.03478406337],"iteration":789,"passed_time":2.660809431,"remaining_time":0.7073037728},
{"learn":[0.03466150028],"iteration":790,"passed_time":2.663911253,"remaining_time":0.7038652994},
{"learn":[0.03461182328],"iteration":791,"passed_time":2.666722499,"remaining_time":0.7003513635},
{"learn":[0.03456224753],"iteration":792,"passed_time":2.670021817,"remaining_time":0.6969666029},
{"learn":[0.03443218446],"iteration":793,"passed_time":2.672950544,"remaining_time":0.6934859095},
{"learn":[0.03435693332],"iteration":794,"passed_time":2.675831747,"remaining_time":0.6899943499},
{"learn":[0.03429272354],"iteration":795,"passed_time":2.678685442,"remaining_time":0.686497274},
{"learn":[0.03424829284],"iteration":796,"passed_time":2.682497388,"remaining_time":0.6832458843},
{"learn":[0.03421720003],"iteration":797,"passed_time":2.685899019,"remaining_time":0.6798892253},
{"learn":[0.03419305419],"iteration":798,"passed_time":2.688695566,"remaining_time":0.6763802363},
{"learn":[0.03414942197],"iteration":799,"passed_time":2.692010547,"remaining_time":0.6730026368},
{"learn":[0.0340900016],"iteration":800,"passed_time":2.695317121,"remaining_time":0.6696231049},
{"learn":[0.03404018363],"iteration":801,"passed_time":2.698520515,"remaining_time":0.6662182817},
{"learn":[0.03397015935],"iteration":802,"passed_time":2.701589567,"remaining_time":0.6627810021},
{"learn":[0.03396283145],"iteration":803,"passed_time":2.704810763,"remaining_time":0.6593817284},
{"learn":[0.03394105585],"iteration":804,"passed_time":2.707799039,"remaining_time":0.6559264753},
{"learn":[0.0338952966],"iteration":805,"passed_time":2.711671746,"remaining_time":0.6526852589},
{"learn":[0.03384210899],"iteration":806,"passed_time":2.715058205,"remaining_time":0.6493261877},
{"learn":[0.0338046052],"iteration":807,"passed_time":2.71809934,"remaining_time":0.6458849917},
{"learn":[0.0337618495],"iteration":808,"passed_time":2.720835708,"remaining_time":0.6423728308},
{"learn":[0.03375260361],"iteration":809,"passed_time":2.723773457,"remaining_time":0.6389098231},
{"learn":[0.03371852298],"iteration":810,"passed_time":2.727107253,"remaining_time":0.635540408},
{"learn":[0.03363483074],"iteration":811,"passed_time":2.730130287,"remaining_time":0.6320991306},
{"learn":[0.03359996436],"iteration":812,"passed_time":2.733167796,"remaining_time":0.6286622113},
{"learn":[0.03355626623],"iteration":813,"passed_time":2.736079281,"remaining_time":0.6251974771},
{"learn":[0.03352524728],"iteration":814,"passed_time":2.739457794,"remaining_time":0.6218401128},
{"learn":[0.03350162161],"iteration":815,"passed_time":2.742971324,"remaining_time":0.6185131416},
{"learn":[0.03349320644],"iteration":816,"passed_time":2.748361118,"remaining_time":0.6156059786},
{"learn":[0.03344238316],"iteration":817,"passed_time":2.751524948,"remaining_time":0.6121974823},
{"learn":[0.03341986243],"iteration":818,"passed_time":2.754523015,"remaining_time":0.6087529497},
{"learn":[0.03338551619],"iteration":819,"passed_time":2.757560457,"remaining_time":0.6053181491},
{"learn":[0.03330832275],"iteration":820,"passed_time":2.760277842,"remaining_time":0.6018145356},
{"learn":[0.03326837793],"iteration":821,"passed_time":2.76453199,"remaining_time":0.5986456134},
{"learn":[0.03322937237],"iteration":822,"passed_time":2.767437372,"remaining_time":0.595183979},
{"learn":[0.03320813803],"iteration":823,"passed_time":2.770819768,"remaining_time":0.5918255815},
{"learn":[0.03318440602],"iteration":824,"passed_time":2.773868403,"remaining_time":0.588396328},
{"learn":[0.03316127436],"iteration":825,"passed_time":2.777038182,"remaining_time":0.5849935154},
{"learn":[0.03312822819],"iteration":826,"passed_time":2.780149753,"remaining_time":0.5815790899},
{"learn":[0.03310842662],"iteration":827,"passed_time":2.783038667,"remaining_time":0.5781191434},
{"learn":[0.03305791955],"iteration":828,"passed_time":2.786252932,"remaining_time":0.5747276855},
{"learn":[0.03301153762],"iteration":829,"passed_time":2.789749658,"remaining_time":0.5713945082},
{"learn":[0.03294342158],"iteration":830,"passed_time":2.792492437,"remaining_time":0.5679076076},
{"learn":[0.03288774542],"iteration":831,"passed_time":2.795383085,"remaining_time":0.5644523537},
{"learn":[0.0328285125],"iteration":832,"passed_time":2.79834363,"remaining_time":0.5610124684},
{"learn":[0.03273837304],"iteration":833,"passed_time":2.802067393,"remaining_time":0.5577256442},
{"learn":[0.03269386816],"iteration":834,"passed_time":2.805006013,"remaining_time":0.5542826253},
{"learn":[0.03264106422],"iteration":835,"passed_time":2.808234081,"remaining_time":0.5508975949},
{"learn":[0.03258586362],"iteration":836,"passed_time":2.811277783,"remaining_time":0.5474770354},
{"learn":[0.0325287795],"iteration":837,"passed_time":2.814187147,"remaining_time":0.5440314055},
{"learn":[0.03251125877],"iteration":838,"passed_time":2.817144201,"remaining_time":0.5405962055},
{"learn":[0.03244752689],"iteration":839,"passed_time":2.820552639,"remaining_time":0.5372481217},
{"learn":[0.03236437573],"iteration":840,"passed_time":2.823451571,"remaining_time":0.5338035669},
{"learn":[0.03234853008],"iteration":841,"passed_time":2.826953227,"remaining_time":0.5304734084},
{"learn":[0.03229591793],"iteration":842,"passed_time":2.829857045,"remaining_time":0.5270315018},
{"learn":[0.03228430659],"iteration":843,"passed_time":2.832918181,"remaining_time":0.5236199481},
{"learn":[0.03221699077],"iteration":844,"passed_time":2.836542923,"remaining_time":0.5203126072},
{"learn":[0.03213398322],"iteration":845,"passed_time":2.839660435,"remaining_time":0.5169121832},
{"learn":[0.03211813702],"iteration":846,"passed_time":2.842621325,"remaining_time":0.5134841355},
{"learn":[0.03207656335],"iteration":847,"passed_time":2.845478475,"remaining_time":0.5100385946},
{"learn":[0.03202885006],"iteration":848,"passed_time":2.848929019,"remaining_time":0.5066999787},
{"learn":[0.03199170539],"iteration":849,"passed_time":2.852088702,"remaining_time":0.503309771},
{"learn":[0.0319416185],"iteration":850,"passed_time":2.855284813,"remaining_time":0.4999264831},
{"learn":[0.0319263727],"iteration":851,"passed_time":2.858150274,"remaining_time":0.4964861978},
{"learn":[0.03189550809],"iteration":852,"passed_time":2.861711336,"remaining_time":0.4931671353},
{"learn":[0.03185614913],"iteration":853,"passed_time":2.864768288,"remaining_time":0.4897613232},
{"learn":[0.03183807997],"iteration":854,"passed_time":2.867820264,"remaining_time":0.4863554834},
{"learn":[0.0318072744],"iteration":855,"passed_time":2.870946886,"remaining_time":0.4829630275},
{"learn":[0.03174803279],"iteration":856,"passed_time":2.87377862,"remaining_time":0.4795219868},
{"learn":[0.03167288885],"iteration":857,"passed_time":2.876861554,"remaining_time":0.4761239402},
{"learn":[0.03162020095],"iteration":858,"passed_time":2.880724127,"remaining_time":0.4728546007},
{"learn":[0.03160054888],"iteration":859,"passed_time":2.883848361,"remaining_time":0.4694636867},
{"learn":[0.03156903635],"iteration":860,"passed_time":2.886987044,"remaining_time":0.4660757249},
{"learn":[0.03155292147],"iteration":861,"passed_time":2.889914898,"remaining_time":0.4626545893},
{"learn":[0.03154597768],"iteration":862,"passed_time":2.893012936,"remaining_time":0.4592616133},
{"learn":[0.03150628992],"iteration":863,"passed_time":2.896060687,"remaining_time":0.4558614044},
{"learn":[0.03146699622],"iteration":864,"passed_time":2.899427546,"remaining_time":0.4525118136},
{"learn":[0.03143609819],"iteration":865,"passed_time":2.902199706,"remaining_time":0.4490701624},
{"learn":[0.03137964277],"iteration":866,"passed_time":2.905380296,"remaining_time":0.4456927098},
{"learn":[0.03135498878],"iteration":867,"passed_time":2.908754518,"remaining_time":0.4423451571},
{"learn":[0.03132898826],"iteration":868,"passed_time":2.912302547,"remaining_time":0.4390237442},
{"learn":[0.03128733015],"iteration":869,"passed_time":2.915392002,"remaining_time":0.4356332876},
{"learn":[0.03128111572],"iteration":870,"passed_time":2.918219765,"remaining_time":0.4322047643},
{"learn":[0.03126601426],"iteration":871,"passed_time":2.921087046,"remaining_time":0.4287834196},
{"learn":[0.03117098043],"iteration":872,"passed_time":2.924264258,"remaining_time":0.4254084315},
{"learn":[0.03113833129],"iteration":873,"passed_time":2.927064616,"remaining_time":0.4219795671},
{"learn":[0.03110157439],"iteration":874,"passed_time":2.930412054,"remaining_time":0.4186302934},
{"learn":[0.03105028296],"iteration":875,"passed_time":2.93385974,"remaining_time":0.4152952144},
{"learn":[0.03102587934],"iteration":876,"passed_time":2.936729909,"remaining_time":0.4118788812},
{"learn":[0.0309944474],"iteration":877,"passed_time":2.939399449,"remaining_time":0.4084359143},
{"learn":[0.03093799074],"iteration":878,"passed_time":2.942501392,"remaining_time":0.4050542304},
{"learn":[0.03092406408],"iteration":879,"passed_time":2.946570427,"remaining_time":0.4018050582},
{"learn":[0.03085310909],"iteration":880,"passed_time":2.949648327,"remaining_time":0.3984201486},
{"learn":[0.03083300063],"iteration":881,"passed_time":2.952435719,"remaining_time":0.394997069},
{"learn":[0.03079788675],"iteration":882,"passed_time":2.956305965,"remaining_time":0.3917189104},
{"learn":[0.03073737358],"iteration":883,"passed_time":2.959443169,"remaining_time":0.3883432213},
{"learn":[0.03072033489],"iteration":884,"passed_time":2.962621712,"remaining_time":0.3849734428},
{"learn":[0.03060944782],"iteration":885,"passed_time":2.965587186,"remaining_time":0.3815766808},
{"learn":[0.03057644247],"iteration":886,"passed_time":2.968547975,"remaining_time":0.3781802944},
{"learn":[0.03053665993],"iteration":887,"passed_time":2.971230156,"remaining_time":0.3747497495},
{"learn":[0.03050723584],"iteration":888,"passed_time":2.974693217,"remaining_time":0.3714183882},
{"learn":[0.03047816767],"iteration":889,"passed_time":2.978475982,"remaining_time":0.368126245},
{"learn":[0.03046570796],"iteration":890,"passed_time":2.981868702,"remaining_time":0.3647852846},
{"learn":[0.03042706703],"iteration":891,"passed_time":2.98518447,"remaining_time":0.361434891},
{"learn":[0.03041390166],"iteration":892,"passed_time":2.988372786,"remaining_time":0.3580693036},
{"learn":[0.03037651906],"iteration":893,"passed_time":2.99167376,"remaining_time":0.3547174705},
{"learn":[0.03033754789],"iteration":894,"passed_time":2.99578493,"remaining_time":0.3514608018},
{"learn":[0.03028113285],"iteration":895,"passed_time":2.998819142,"remaining_time":0.3480772219},
{"learn":[0.03023089718],"iteration":896,"passed_time":3.002108649,"remaining_time":0.3447237356},
{"learn":[0.03020087929],"iteration":897,"passed_time":3.006372189,"remaining_time":0.3414810281},
{"learn":[0.03017766283],"iteration":898,"passed_time":3.009351843,"remaining_time":0.3380918089},
{"learn":[0.03012495684],"iteration":899,"passed_time":3.012599189,"remaining_time":0.3347332432},
{"learn":[0.03009351345],"iteration":900,"passed_time":3.016278683,"remaining_time":0.3314224081},
{"learn":[0.03008701084],"iteration":901,"passed_time":3.019370405,"remaining_time":0.3280468954},
{"learn":[0.03004567567],"iteration":902,"passed_time":3.022325054,"remaining_time":0.3246572871},
{"learn":[0.02999382505],"iteration":903,"passed_time":3.025413927,"remaining_time":0.3212828949},
{"learn":[0.02996270806],"iteration":904,"passed_time":3.028733116,"remaining_time":0.3179333105},
{"learn":[0.029854352],"iteration":905,"passed_time":3.031779627,"remaining_time":0.3145555022},
{"learn":[0.0298175966],"iteration":906,"passed_time":3.034901188,"remaining_time":0.3111861196},
{"learn":[0.02981149865],"iteration":907,"passed_time":3.03777521,"remaining_time":0.3077922019},
{"learn":[0.02978376296],"iteration":908,"passed_time":3.041841614,"remaining_time":0.3045187974},
{"learn":[0.02977567376],"iteration":909,"passed_time":3.045168356,"remaining_time":0.3011704968},
{"learn":[0.02975825208],"iteration":910,"passed_time":3.048022883,"remaining_time":0.2977761104},
{"learn":[0.02974281565],"iteration":911,"passed_time":3.051338801,"remaining_time":0.2944274282},
{"learn":[0.02973787493],"iteration":912,"passed_time":3.054601251,"remaining_time":0.2910737227},
{"learn":[0.02970738276],"iteration":913,"passed_time":3.057689649,"remaining_time":0.2877038401},
{"learn":[0.02966826121],"iteration":914,"passed_time":3.060819211,"remaining_time":0.2843383967},
{"learn":[0.02965447331],"iteration":915,"passed_time":3.063576861,"remaining_time":0.2809393628},
{"learn":[0.02964520194],"iteration":916,"passed_time":3.066805666,"remaining_time":0.2775843733},
{"learn":[0.02962983815],"iteration":917,"passed_time":3.069959231,"remaining_time":0.2742229379},
{"learn":[0.02960398757],"iteration":918,"passed_time":3.073074722,"remaining_time":0.270858599},
{"learn":[0.02955833053],"iteration":919,"passed_time":3.076049087,"remaining_time":0.2674825293},
{"learn":[0.02952665229],"iteration":920,"passed_time":3.079191804,"remaining_time":0.2641217725},
{"learn":[0.0294948833],"iteration":921,"passed_time":3.082212071,"remaining_time":0.2607511297},
{"learn":[0.02941076915],"iteration":922,"passed_time":3.085813763,"remaining_time":0.2574297505},
{"learn":[0.02940110911],"iteration":923,"passed_time":3.088754927,"remaining_time":0.2540534355},
{"learn":[0.0293909703],"iteration":924,"passed_time":3.092069366,"remaining_time":0.250708327},
{"learn":[0.02938507294],"iteration":925,"passed_time":3.094925145,"remaining_time":0.2473266314},
{"learn":[0.02933205338],"iteration":926,"passed_time":3.097984455,"remaining_time":0.2439620984},
{"learn":[0.02927451705],"iteration":927,"passed_time":3.101097669,"remaining_time":0.2406024053},
{"learn":[0.02923329442],"iteration":928,"passed_time":3.103970808,"remaining_time":0.2372248949},
{"learn":[0.02918226435],"iteration":929,"passed_time":3.107216169,"remaining_time":0.2338764858},
{"learn":[0.02914455785],"iteration":930,"passed_time":3.110324713,"remaining_time":0.2305181581},
{"learn":[0.02910490794],"iteration":931,"passed_time":3.113054732,"remaining_time":0.2271327487},
{"learn":[0.02908777012],"iteration":932,"passed_time":3.116338593,"remaining_time":0.2237885163},
{"learn":[0.02905565722],"iteration":933,"passed_time":3.119351468,"remaining_time":0.2204252643},
{"learn":[0.02901054555],"iteration":934,"passed_time":3.122075178,"remaining_time":0.2170426594},
{"learn":[0.0289894282],"iteration":935,"passed_time":3.125133463,"remaining_time":0.2136843393},
{"learn":[0.02895434451],"iteration":936,"passed_time":3.128207393,"remaining_time":0.2103277116},
{"learn":[0.02890058535],"iteration":937,"passed_time":3.130992251,"remaining_time":0.2069525795},
{"learn":[0.02889043053],"iteration":938,"passed_time":3.13477455,"remaining_time":0.2036435011},
{"learn":[0.02882817577],"iteration":939,"passed_time":3.137854541,"remaining_time":0.2002885878},
{"learn":[0.02879197097],"iteration":940,"passed_time":3.140780293,"remaining_time":0.196924588},
{"learn":[0.0287650056],"iteration":941,"passed_time":3.143997089,"remaining_time":0.1935794386},
{"learn":[0.02874857087],"iteration":942,"passed_time":3.147311633,"remaining_time":0.1902404699},
{"learn":[0.02871895664],"iteration":943,"passed_time":3.150360753,"remaining_time":0.1868858074},
{"learn":[0.02868272865],"iteration":944,"passed_time":3.153550878,"remaining_time":0.1835399982},
{"learn":[0.02864318134],"iteration":945,"passed_time":3.156835801,"remaining_time":0.1801999294},
{"learn":[0.02860202021],"iteration":946,"passed_time":3.159408117,"remaining_time":0.1768200953},
{"learn":[0.02859099029],"iteration":947,"passed_time":3.162420526,"remaining_time":0.1734661048},
{"learn":[0.02855783022],"iteration":948,"passed_time":3.165254695,"remaining_time":0.1701032555},
{"learn":[0.02848978088],"iteration":949,"passed_time":3.168423627,"remaining_time":0.1667591383},
{"learn":[0.02847268101],"iteration":950,"passed_time":3.171563001,"remaining_time":0.1634138665},
{"learn":[0.02842555935],"iteration":951,"passed_time":3.174269117,"remaining_time":0.1600471824},
{"learn":[0.02838275708],"iteration":952,"passed_time":3.177904335,"remaining_time":0.1567277059},
{"learn":[0.02837236651],"iteration":953,"passed_time":3.180972712,"remaining_time":0.1533802356},
{"learn":[0.0283335956],"iteration":954,"passed_time":3.183992876,"remaining_time":0.150031078},
{"learn":[0.02828806562],"iteration":955,"passed_time":3.187092801,"remaining_time":0.1466862795},
{"learn":[0.02826009483],"iteration":956,"passed_time":3.190099934,"remaining_time":0.1433378236},
{"learn":[0.0282217935],"iteration":957,"passed_time":3.19318501,"remaining_time":0.1399934973},
{"learn":[0.02819852121],"iteration":958,"passed_time":3.196555752,"remaining_time":0.1366619247},
{"learn":[0.02815161004],"iteration":959,"passed_time":3.199353305,"remaining_time":0.1333063877},
{"learn":[0.02810495182],"iteration":960,"passed_time":3.20221503,"remaining_time":0.1299546162},
{"learn":[0.02809920093],"iteration":961,"passed_time":3.20502015,"remaining_time":0.1266016276},
{"learn":[0.02805977557],"iteration":962,"passed_time":3.208434208,"remaining_time":0.1232731731},
{"learn":[0.02800001177],"iteration":963,"passed_time":3.211400112,"remaining_time":0.119927805},
{"learn":[0.02798631422],"iteration":964,"passed_time":3.214954349,"remaining_time":0.1166045619},
{"learn":[0.02795894064],"iteration":965,"passed_time":3.218184892,"remaining_time":0.1132694475},
{"learn":[0.02793732879],"iteration":966,"passed_time":3.221836383,"remaining_time":0.1099489148},
{"learn":[0.02787191794],"iteration":967,"passed_time":3.224936741,"remaining_time":0.106609479},
{"learn":[0.02784836776],"iteration":968,"passed_time":3.228169668,"remaining_time":0.1032747778},
{"learn":[0.0278143131],"iteration":969,"passed_time":3.23091244,"remaining_time":0.09992512701},
{"learn":[0.02779769152],"iteration":970,"passed_time":3.234228972,"remaining_time":0.09659386219},
{"learn":[0.0277807704],"iteration":971,"passed_time":3.237535313,"remaining_time":0.09326233413},
{"learn":[0.02773966197],"iteration":972,"passed_time":3.24057132,"remaining_time":0.08992335625},
{"learn":[0.02769900493],"iteration":973,"passed_time":3.243353828,"remaining_time":0.0865782336},
{"learn":[0.02763658347],"iteration":974,"passed_time":3.246282473,"remaining_time":0.08323801213},
{"learn":[0.02760305667],"iteration":975,"passed_time":3.249484715,"remaining_time":0.07990536184},
{"learn":[0.02756760585],"iteration":976,"passed_time":3.253033096,"remaining_time":0.07658112713},
{"learn":[0.02755684249],"iteration":977,"passed_time":3.256179425,"remaining_time":0.07324738992},
{"learn":[0.02754771889],"iteration":978,"passed_time":3.259086411,"remaining_time":0.06990890157},
{"learn":[0.02751662519],"iteration":979,"passed_time":3.261966298,"remaining_time":0.06657074077},
{"learn":[0.02750653604],"iteration":980,"passed_time":3.264954366,"remaining_time":0.06323560953},
{"learn":[0.02748519724],"iteration":981,"passed_time":3.268658422,"remaining_time":0.05991430916},
{"learn":[0.02742827611],"iteration":982,"passed_time":3.27194488,"remaining_time":0.0565850081},
{"learn":[0.02738508295],"iteration":983,"passed_time":3.275126952,"remaining_time":0.05325409678},
{"learn":[0.02736246354],"iteration":984,"passed_time":3.278174413,"remaining_time":0.04992143776},
{"learn":[0.02734557911],"iteration":985,"passed_time":3.281236938,"remaining_time":0.04658957113},
{"learn":[0.02730993528],"iteration":986,"passed_time":3.284708753,"remaining_time":0.04326364113},
{"learn":[0.02729677943],"iteration":987,"passed_time":3.28827624,"remaining_time":0.03993857781},
{"learn":[0.02725793475],"iteration":988,"passed_time":3.291466353,"remaining_time":0.03660882697},
{"learn":[0.02722486098],"iteration":989,"passed_time":3.294172863,"remaining_time":0.03327447336},
{"learn":[0.02718525587],"iteration":990,"passed_time":3.297301564,"remaining_time":0.02994522106},
{"learn":[0.02713848919],"iteration":991,"passed_time":3.300521843,"remaining_time":0.02661711164},
{"learn":[0.027133646],"iteration":992,"passed_time":3.303453824,"remaining_time":0.02328718707},
{"learn":[0.02711194336],"iteration":993,"passed_time":3.306647955,"remaining_time":0.0199596456},
{"learn":[0.02709131634],"iteration":994,"passed_time":3.309592195,"remaining_time":0.01663111656},
{"learn":[0.02705879602],"iteration":995,"passed_time":3.31224577,"remaining_time":0.01330219185},
{"learn":[0.02703097332],"iteration":996,"passed_time":3.315485311,"remaining_time":0.009976385088},
{"learn":[0.02699249669],"iteration":997,"passed_time":3.31839029,"remaining_time":0.006650080741},
{"learn":[0.02697873526],"iteration":998,"passed_time":3.321649056,"remaining_time":0.00332497403},
{"learn":[0.02696630892],"iteration":999,"passed_time":3.324670839,"remaining_time":0}
]}