{
    "Logistic Regression": {
        "model": "Logistic Regression",
        "accuracy": 0.862,
        "precision": 0.0,
        "recall": 0.0,
        "f1": 0.0
    },
    "Decision Tree": {
        "model": "Decision Tree",
        "accuracy": 0.865,
        "precision": 0.6,
        "recall": 0.047,
        "f1": 0.087
    },
    "Random Forest": {
        "model": "Random Forest",
        "accuracy": 0.869,
        "precision": 0.8,
        "recall": 0.062,
        "f1": 0.116
    },
    "CatBoost": {
        "model": "CatBoost",
        "accuracy": 0.908,
        "precision": 0.862,
        "recall": 0.391,
        "f1": 0.538
    }
}